
        INSERT INTO Driver (licenseNumber, driverName, homeAddress, yearsOfExperience, numberOfDeliveries, email, age, salary, employmentDate, workingStatus, truckOwnedorAssigned)
        VALUES ('ON0000000001', 'Driver 1', 'Address 1', 6, 644, 'driver1@example.com', 35, 40176.32, '2019-06-20', 'ACTIVE', 'ASSIGNED');
        
        INSERT INTO Driver (licenseNumber, driverName, homeAddress, yearsOfExperience, numberOfDeliveries, email, age, salary, employmentDate, workingStatus, truckOwnedorAssigned)
        VALUES ('ON0000000002', 'Driver 2', 'Address 2', 12, 541, 'driver2@example.com', 57, 52309.42, '2022-05-25', 'ACTIVE', 'ASSIGNED');
        
        INSERT INTO Driver (licenseNumber, driverName, homeAddress, yearsOfExperience, numberOfDeliveries, email, age, salary, employmentDate, workingStatus, truckOwnedorAssigned)
        VALUES ('ON0000000003', 'Driver 3', 'Address 3', 10, 116, 'driver3@example.com', 56, 40329.46, '2015-11-14', 'ACTIVE', 'ASSIGNED');
        
        INSERT INTO Driver (licenseNumber, driverName, homeAddress, yearsOfExperience, numberOfDeliveries, email, age, salary, employmentDate, workingStatus, truckOwnedorAssigned)
        VALUES ('ON0000000004', 'Driver 4', 'Address 4', 15, 155, 'driver4@example.com', 32, 58102.03, '2019-12-03', 'ACTIVE', 'ASSIGNED');
        
        INSERT INTO Driver (licenseNumber, driverName, homeAddress, yearsOfExperience, numberOfDeliveries, email, age, salary, employmentDate, workingStatus, truckOwnedorAssigned)
        VALUES ('ON0000000005', 'Driver 5', 'Address 5', 20, 369, 'driver5@example.com', 34, 61560.06, '2020-05-06', 'ACTIVE', 'ASSIGNED');
        
        INSERT INTO Driver (licenseNumber, driverName, homeAddress, yearsOfExperience, numberOfDeliveries, email, age, salary, employmentDate, workingStatus, truckOwnedorAssigned)
        VALUES ('ON0000000006', 'Driver 6', 'Address 6', 13, 363, 'driver6@example.com', 47, 49002.81, '2016-01-26', 'ACTIVE', 'ASSIGNED');
        
        INSERT INTO Driver (licenseNumber, driverName, homeAddress, yearsOfExperience, numberOfDeliveries, email, age, salary, employmentDate, workingStatus, truckOwnedorAssigned)
        VALUES ('ON0000000007', 'Driver 7', 'Address 7', 14, 151, 'driver7@example.com', 45, 58172.71, '2022-12-29', 'ACTIVE', 'ASSIGNED');
        
        INSERT INTO Driver (licenseNumber, driverName, homeAddress, yearsOfExperience, numberOfDeliveries, email, age, salary, employmentDate, workingStatus, truckOwnedorAssigned)
        VALUES ('ON0000000008', 'Driver 8', 'Address 8', 20, 683, 'driver8@example.com', 30, 48102.02, '2020-08-09', 'ACTIVE', 'ASSIGNED');
        
        INSERT INTO Driver (licenseNumber, driverName, homeAddress, yearsOfExperience, numberOfDeliveries, email, age, salary, employmentDate, workingStatus, truckOwnedorAssigned)
        VALUES ('ON0000000009', 'Driver 9', 'Address 9', 15, 838, 'driver9@example.com', 36, 71985.90, '2017-11-26', 'ACTIVE', 'ASSIGNED');
        
        INSERT INTO Driver (licenseNumber, driverName, homeAddress, yearsOfExperience, numberOfDeliveries, email, age, salary, employmentDate, workingStatus, truckOwnedorAssigned)
        VALUES ('ON0000000010', 'Driver 10', 'Address 10', 10, 548, 'driver10@example.com', 54, 44347.30, '2021-01-02', 'ACTIVE', 'ASSIGNED');
        
        INSERT INTO Driver (licenseNumber, driverName, homeAddress, yearsOfExperience, numberOfDeliveries, email, age, salary, employmentDate, workingStatus, truckOwnedorAssigned)
        VALUES ('ON0000000011', 'Driver 11', 'Address 11', 7, 670, 'driver11@example.com', 47, 67681.42, '2022-04-13', 'ACTIVE', 'ASSIGNED');
        
        INSERT INTO Driver (licenseNumber, driverName, homeAddress, yearsOfExperience, numberOfDeliveries, email, age, salary, employmentDate, workingStatus, truckOwnedorAssigned)
        VALUES ('ON0000000012', 'Driver 12', 'Address 12', 9, 197, 'driver12@example.com', 26, 66011.23, '2017-09-12', 'ACTIVE', 'ASSIGNED');
        
        INSERT INTO Driver (licenseNumber, driverName, homeAddress, yearsOfExperience, numberOfDeliveries, email, age, salary, employmentDate, workingStatus, truckOwnedorAssigned)
        VALUES ('ON0000000013', 'Driver 13', 'Address 13', 8, 3, 'driver13@example.com', 45, 48766.66, '2021-04-10', 'ACTIVE', 'ASSIGNED');
        
        INSERT INTO Driver (licenseNumber, driverName, homeAddress, yearsOfExperience, numberOfDeliveries, email, age, salary, employmentDate, workingStatus, truckOwnedorAssigned)
        VALUES ('ON0000000014', 'Driver 14', 'Address 14', 19, 18, 'driver14@example.com', 48, 77626.26, '2019-05-11', 'ACTIVE', 'ASSIGNED');
        
        INSERT INTO Driver (licenseNumber, driverName, homeAddress, yearsOfExperience, numberOfDeliveries, email, age, salary, employmentDate, workingStatus, truckOwnedorAssigned)
        VALUES ('ON0000000015', 'Driver 15', 'Address 15', 19, 225, 'driver15@example.com', 30, 46064.04, '2022-02-10', 'ACTIVE', 'ASSIGNED');
        
        INSERT INTO Driver (licenseNumber, driverName, homeAddress, yearsOfExperience, numberOfDeliveries, email, age, salary, employmentDate, workingStatus, truckOwnedorAssigned)
        VALUES ('ON0000000016', 'Driver 16', 'Address 16', 11, 193, 'driver16@example.com', 51, 46085.44, '2018-09-21', 'ACTIVE', 'ASSIGNED');
        
        INSERT INTO Driver (licenseNumber, driverName, homeAddress, yearsOfExperience, numberOfDeliveries, email, age, salary, employmentDate, workingStatus, truckOwnedorAssigned)
        VALUES ('ON0000000017', 'Driver 17', 'Address 17', 12, 595, 'driver17@example.com', 40, 67959.81, '2018-08-25', 'ACTIVE', 'ASSIGNED');
        
        INSERT INTO Driver (licenseNumber, driverName, homeAddress, yearsOfExperience, numberOfDeliveries, email, age, salary, employmentDate, workingStatus, truckOwnedorAssigned)
        VALUES ('ON0000000018', 'Driver 18', 'Address 18', 3, 762, 'driver18@example.com', 56, 67485.71, '2015-01-09', 'ACTIVE', 'ASSIGNED');
        
        INSERT INTO Driver (licenseNumber, driverName, homeAddress, yearsOfExperience, numberOfDeliveries, email, age, salary, employmentDate, workingStatus, truckOwnedorAssigned)
        VALUES ('ON0000000019', 'Driver 19', 'Address 19', 4, 519, 'driver19@example.com', 50, 64074.63, '2015-06-25', 'ACTIVE', 'ASSIGNED');
        
        INSERT INTO Driver (licenseNumber, driverName, homeAddress, yearsOfExperience, numberOfDeliveries, email, age, salary, employmentDate, workingStatus, truckOwnedorAssigned)
        VALUES ('ON0000000020', 'Driver 20', 'Address 20', 7, 167, 'driver20@example.com', 49, 71470.64, '2021-11-23', 'ACTIVE', 'ASSIGNED');
        
        INSERT INTO Driver (licenseNumber, driverName, homeAddress, yearsOfExperience, numberOfDeliveries, email, age, salary, employmentDate, workingStatus, truckOwnedorAssigned)
        VALUES ('ON0000000021', 'Driver 21', 'Address 21', 18, 360, 'driver21@example.com', 31, 45133.63, '2020-07-29', 'ACTIVE', 'ASSIGNED');
        
        INSERT INTO Driver (licenseNumber, driverName, homeAddress, yearsOfExperience, numberOfDeliveries, email, age, salary, employmentDate, workingStatus, truckOwnedorAssigned)
        VALUES ('ON0000000022', 'Driver 22', 'Address 22', 11, 230, 'driver22@example.com', 43, 74184.49, '2018-09-13', 'ACTIVE', 'ASSIGNED');
        
        INSERT INTO Driver (licenseNumber, driverName, homeAddress, yearsOfExperience, numberOfDeliveries, email, age, salary, employmentDate, workingStatus, truckOwnedorAssigned)
        VALUES ('ON0000000023', 'Driver 23', 'Address 23', 17, 850, 'driver23@example.com', 39, 67595.99, '2018-12-07', 'ACTIVE', 'ASSIGNED');
        
        INSERT INTO Driver (licenseNumber, driverName, homeAddress, yearsOfExperience, numberOfDeliveries, email, age, salary, employmentDate, workingStatus, truckOwnedorAssigned)
        VALUES ('ON0000000024', 'Driver 24', 'Address 24', 10, 837, 'driver24@example.com', 58, 73778.39, '2015-10-08', 'ACTIVE', 'ASSIGNED');
        
        INSERT INTO Driver (licenseNumber, driverName, homeAddress, yearsOfExperience, numberOfDeliveries, email, age, salary, employmentDate, workingStatus, truckOwnedorAssigned)
        VALUES ('ON0000000025', 'Driver 25', 'Address 25', 6, 180, 'driver25@example.com', 40, 60574.85, '2022-08-19', 'ACTIVE', 'ASSIGNED');
        
        INSERT INTO Driver (licenseNumber, driverName, homeAddress, yearsOfExperience, numberOfDeliveries, email, age, salary, employmentDate, workingStatus, truckOwnedorAssigned)
        VALUES ('ON0000000026', 'Driver 26', 'Address 26', 3, 396, 'driver26@example.com', 44, 63578.24, '2020-03-31', 'ACTIVE', 'ASSIGNED');
        
        INSERT INTO Driver (licenseNumber, driverName, homeAddress, yearsOfExperience, numberOfDeliveries, email, age, salary, employmentDate, workingStatus, truckOwnedorAssigned)
        VALUES ('ON0000000027', 'Driver 27', 'Address 27', 10, 133, 'driver27@example.com', 58, 65551.26, '2019-04-16', 'ACTIVE', 'ASSIGNED');
        
        INSERT INTO Driver (licenseNumber, driverName, homeAddress, yearsOfExperience, numberOfDeliveries, email, age, salary, employmentDate, workingStatus, truckOwnedorAssigned)
        VALUES ('ON0000000028', 'Driver 28', 'Address 28', 12, 461, 'driver28@example.com', 34, 68822.44, '2015-06-30', 'ACTIVE', 'ASSIGNED');
        
        INSERT INTO Driver (licenseNumber, driverName, homeAddress, yearsOfExperience, numberOfDeliveries, email, age, salary, employmentDate, workingStatus, truckOwnedorAssigned)
        VALUES ('ON0000000029', 'Driver 29', 'Address 29', 19, 237, 'driver29@example.com', 33, 45335.64, '2016-11-11', 'ACTIVE', 'ASSIGNED');
        
        INSERT INTO Driver (licenseNumber, driverName, homeAddress, yearsOfExperience, numberOfDeliveries, email, age, salary, employmentDate, workingStatus, truckOwnedorAssigned)
        VALUES ('ON0000000030', 'Driver 30', 'Address 30', 2, 59, 'driver30@example.com', 32, 70607.56, '2015-05-03', 'ACTIVE', 'ASSIGNED');
        
        INSERT INTO Driver (licenseNumber, driverName, homeAddress, yearsOfExperience, numberOfDeliveries, email, age, salary, employmentDate, workingStatus, truckOwnedorAssigned)
        VALUES ('ON0000000031', 'Driver 31', 'Address 31', 6, 757, 'driver31@example.com', 29, 40190.93, '2020-10-25', 'ACTIVE', 'ASSIGNED');
        
        INSERT INTO Driver (licenseNumber, driverName, homeAddress, yearsOfExperience, numberOfDeliveries, email, age, salary, employmentDate, workingStatus, truckOwnedorAssigned)
        VALUES ('ON0000000032', 'Driver 32', 'Address 32', 6, 600, 'driver32@example.com', 49, 56632.82, '2015-04-22', 'ACTIVE', 'ASSIGNED');
        
        INSERT INTO Driver (licenseNumber, driverName, homeAddress, yearsOfExperience, numberOfDeliveries, email, age, salary, employmentDate, workingStatus, truckOwnedorAssigned)
        VALUES ('ON0000000033', 'Driver 33', 'Address 33', 18, 379, 'driver33@example.com', 57, 78833.07, '2020-02-27', 'ACTIVE', 'ASSIGNED');
        
        INSERT INTO Driver (licenseNumber, driverName, homeAddress, yearsOfExperience, numberOfDeliveries, email, age, salary, employmentDate, workingStatus, truckOwnedorAssigned)
        VALUES ('ON0000000034', 'Driver 34', 'Address 34', 6, 38, 'driver34@example.com', 31, 57288.40, '2016-03-16', 'ACTIVE', 'ASSIGNED');
        
        INSERT INTO Driver (licenseNumber, driverName, homeAddress, yearsOfExperience, numberOfDeliveries, email, age, salary, employmentDate, workingStatus, truckOwnedorAssigned)
        VALUES ('ON0000000035', 'Driver 35', 'Address 35', 1, 21, 'driver35@example.com', 60, 64421.55, '2019-05-26', 'ACTIVE', 'ASSIGNED');
        
        INSERT INTO Driver (licenseNumber, driverName, homeAddress, yearsOfExperience, numberOfDeliveries, email, age, salary, employmentDate, workingStatus, truckOwnedorAssigned)
        VALUES ('ON0000000036', 'Driver 36', 'Address 36', 3, 753, 'driver36@example.com', 27, 60158.18, '2019-11-13', 'ACTIVE', 'ASSIGNED');
        
        INSERT INTO Driver (licenseNumber, driverName, homeAddress, yearsOfExperience, numberOfDeliveries, email, age, salary, employmentDate, workingStatus, truckOwnedorAssigned)
        VALUES ('ON0000000037', 'Driver 37', 'Address 37', 9, 536, 'driver37@example.com', 25, 47178.29, '2018-07-20', 'ACTIVE', 'ASSIGNED');
        
        INSERT INTO Driver (licenseNumber, driverName, homeAddress, yearsOfExperience, numberOfDeliveries, email, age, salary, employmentDate, workingStatus, truckOwnedorAssigned)
        VALUES ('ON0000000038', 'Driver 38', 'Address 38', 6, 597, 'driver38@example.com', 34, 42743.34, '2020-05-31', 'ACTIVE', 'ASSIGNED');
        
        INSERT INTO Driver (licenseNumber, driverName, homeAddress, yearsOfExperience, numberOfDeliveries, email, age, salary, employmentDate, workingStatus, truckOwnedorAssigned)
        VALUES ('ON0000000039', 'Driver 39', 'Address 39', 11, 233, 'driver39@example.com', 29, 69057.30, '2021-07-25', 'ACTIVE', 'ASSIGNED');
        
        INSERT INTO Driver (licenseNumber, driverName, homeAddress, yearsOfExperience, numberOfDeliveries, email, age, salary, employmentDate, workingStatus, truckOwnedorAssigned)
        VALUES ('ON0000000040', 'Driver 40', 'Address 40', 13, 963, 'driver40@example.com', 34, 76475.86, '2018-03-10', 'ACTIVE', 'ASSIGNED');
        
        INSERT INTO Driver (licenseNumber, driverName, homeAddress, yearsOfExperience, numberOfDeliveries, email, age, salary, employmentDate, workingStatus, truckOwnedorAssigned)
        VALUES ('ON0000000041', 'Driver 41', 'Address 41', 8, 844, 'driver41@example.com', 29, 54254.66, '2017-11-17', 'ACTIVE', 'ASSIGNED');
        
        INSERT INTO Driver (licenseNumber, driverName, homeAddress, yearsOfExperience, numberOfDeliveries, email, age, salary, employmentDate, workingStatus, truckOwnedorAssigned)
        VALUES ('ON0000000042', 'Driver 42', 'Address 42', 16, 652, 'driver42@example.com', 53, 43603.86, '2015-12-26', 'ACTIVE', 'ASSIGNED');
        
        INSERT INTO Driver (licenseNumber, driverName, homeAddress, yearsOfExperience, numberOfDeliveries, email, age, salary, employmentDate, workingStatus, truckOwnedorAssigned)
        VALUES ('ON0000000043', 'Driver 43', 'Address 43', 13, 160, 'driver43@example.com', 25, 52714.10, '2016-02-20', 'ACTIVE', 'ASSIGNED');
        
        INSERT INTO Driver (licenseNumber, driverName, homeAddress, yearsOfExperience, numberOfDeliveries, email, age, salary, employmentDate, workingStatus, truckOwnedorAssigned)
        VALUES ('ON0000000044', 'Driver 44', 'Address 44', 4, 834, 'driver44@example.com', 47, 70306.30, '2016-08-05', 'ACTIVE', 'ASSIGNED');
        
        INSERT INTO Driver (licenseNumber, driverName, homeAddress, yearsOfExperience, numberOfDeliveries, email, age, salary, employmentDate, workingStatus, truckOwnedorAssigned)
        VALUES ('ON0000000045', 'Driver 45', 'Address 45', 1, 674, 'driver45@example.com', 26, 53877.35, '2019-03-21', 'ACTIVE', 'ASSIGNED');
        
        INSERT INTO Driver (licenseNumber, driverName, homeAddress, yearsOfExperience, numberOfDeliveries, email, age, salary, employmentDate, workingStatus, truckOwnedorAssigned)
        VALUES ('ON0000000046', 'Driver 46', 'Address 46', 16, 39, 'driver46@example.com', 35, 50161.11, '2019-09-17', 'ACTIVE', 'ASSIGNED');
        
        INSERT INTO Driver (licenseNumber, driverName, homeAddress, yearsOfExperience, numberOfDeliveries, email, age, salary, employmentDate, workingStatus, truckOwnedorAssigned)
        VALUES ('ON0000000047', 'Driver 47', 'Address 47', 8, 67, 'driver47@example.com', 33, 45588.22, '2017-03-18', 'ACTIVE', 'ASSIGNED');
        
        INSERT INTO Driver (licenseNumber, driverName, homeAddress, yearsOfExperience, numberOfDeliveries, email, age, salary, employmentDate, workingStatus, truckOwnedorAssigned)
        VALUES ('ON0000000048', 'Driver 48', 'Address 48', 19, 612, 'driver48@example.com', 57, 71137.34, '2020-03-12', 'ACTIVE', 'ASSIGNED');
        
        INSERT INTO Driver (licenseNumber, driverName, homeAddress, yearsOfExperience, numberOfDeliveries, email, age, salary, employmentDate, workingStatus, truckOwnedorAssigned)
        VALUES ('ON0000000049', 'Driver 49', 'Address 49', 5, 231, 'driver49@example.com', 38, 43828.92, '2020-02-08', 'ACTIVE', 'ASSIGNED');
        
        INSERT INTO Driver (licenseNumber, driverName, homeAddress, yearsOfExperience, numberOfDeliveries, email, age, salary, employmentDate, workingStatus, truckOwnedorAssigned)
        VALUES ('ON0000000050', 'Driver 50', 'Address 50', 6, 761, 'driver50@example.com', 51, 71141.04, '2019-07-02', 'ACTIVE', 'ASSIGNED');
        
        INSERT INTO Driver (licenseNumber, driverName, homeAddress, yearsOfExperience, numberOfDeliveries, email, age, salary, employmentDate, workingStatus, truckOwnedorAssigned)
        VALUES ('ON0000000051', 'Driver 51', 'Address 51', 6, 574, 'driver51@example.com', 58, 46571.37, '2019-12-02', 'ACTIVE', 'ASSIGNED');
        
        INSERT INTO Driver (licenseNumber, driverName, homeAddress, yearsOfExperience, numberOfDeliveries, email, age, salary, employmentDate, workingStatus, truckOwnedorAssigned)
        VALUES ('ON0000000052', 'Driver 52', 'Address 52', 12, 228, 'driver52@example.com', 28, 70851.24, '2020-02-11', 'ACTIVE', 'ASSIGNED');
        
        INSERT INTO Driver (licenseNumber, driverName, homeAddress, yearsOfExperience, numberOfDeliveries, email, age, salary, employmentDate, workingStatus, truckOwnedorAssigned)
        VALUES ('ON0000000053', 'Driver 53', 'Address 53', 9, 632, 'driver53@example.com', 36, 51246.01, '2022-03-10', 'ACTIVE', 'ASSIGNED');
        
        INSERT INTO Driver (licenseNumber, driverName, homeAddress, yearsOfExperience, numberOfDeliveries, email, age, salary, employmentDate, workingStatus, truckOwnedorAssigned)
        VALUES ('ON0000000054', 'Driver 54', 'Address 54', 19, 466, 'driver54@example.com', 45, 64998.87, '2021-12-12', 'ACTIVE', 'ASSIGNED');
        
        INSERT INTO Driver (licenseNumber, driverName, homeAddress, yearsOfExperience, numberOfDeliveries, email, age, salary, employmentDate, workingStatus, truckOwnedorAssigned)
        VALUES ('ON0000000055', 'Driver 55', 'Address 55', 16, 41, 'driver55@example.com', 26, 70836.55, '2016-06-13', 'ACTIVE', 'ASSIGNED');
        
        INSERT INTO Driver (licenseNumber, driverName, homeAddress, yearsOfExperience, numberOfDeliveries, email, age, salary, employmentDate, workingStatus, truckOwnedorAssigned)
        VALUES ('ON0000000056', 'Driver 56', 'Address 56', 6, 408, 'driver56@example.com', 32, 48156.07, '2020-01-23', 'ACTIVE', 'ASSIGNED');
        
        INSERT INTO Driver (licenseNumber, driverName, homeAddress, yearsOfExperience, numberOfDeliveries, email, age, salary, employmentDate, workingStatus, truckOwnedorAssigned)
        VALUES ('ON0000000057', 'Driver 57', 'Address 57', 4, 341, 'driver57@example.com', 29, 58063.60, '2021-06-17', 'ACTIVE', 'ASSIGNED');
        
        INSERT INTO Driver (licenseNumber, driverName, homeAddress, yearsOfExperience, numberOfDeliveries, email, age, salary, employmentDate, workingStatus, truckOwnedorAssigned)
        VALUES ('ON0000000058', 'Driver 58', 'Address 58', 8, 233, 'driver58@example.com', 32, 65043.01, '2018-12-16', 'ACTIVE', 'ASSIGNED');
        
        INSERT INTO Driver (licenseNumber, driverName, homeAddress, yearsOfExperience, numberOfDeliveries, email, age, salary, employmentDate, workingStatus, truckOwnedorAssigned)
        VALUES ('ON0000000059', 'Driver 59', 'Address 59', 20, 464, 'driver59@example.com', 41, 55313.16, '2016-07-25', 'ACTIVE', 'ASSIGNED');
        
        INSERT INTO Driver (licenseNumber, driverName, homeAddress, yearsOfExperience, numberOfDeliveries, email, age, salary, employmentDate, workingStatus, truckOwnedorAssigned)
        VALUES ('ON0000000060', 'Driver 60', 'Address 60', 2, 982, 'driver60@example.com', 37, 41196.50, '2018-02-11', 'ACTIVE', 'ASSIGNED');
        
        INSERT INTO Driver (licenseNumber, driverName, homeAddress, yearsOfExperience, numberOfDeliveries, email, age, salary, employmentDate, workingStatus, truckOwnedorAssigned)
        VALUES ('ON0000000061', 'Driver 61', 'Address 61', 18, 611, 'driver61@example.com', 30, 60347.07, '2015-08-11', 'ACTIVE', 'ASSIGNED');
        
        INSERT INTO Driver (licenseNumber, driverName, homeAddress, yearsOfExperience, numberOfDeliveries, email, age, salary, employmentDate, workingStatus, truckOwnedorAssigned)
        VALUES ('ON0000000062', 'Driver 62', 'Address 62', 11, 346, 'driver62@example.com', 39, 79659.52, '2016-02-17', 'ACTIVE', 'ASSIGNED');
        
        INSERT INTO Driver (licenseNumber, driverName, homeAddress, yearsOfExperience, numberOfDeliveries, email, age, salary, employmentDate, workingStatus, truckOwnedorAssigned)
        VALUES ('ON0000000063', 'Driver 63', 'Address 63', 10, 696, 'driver63@example.com', 35, 62349.60, '2018-06-18', 'ACTIVE', 'ASSIGNED');
        
        INSERT INTO Driver (licenseNumber, driverName, homeAddress, yearsOfExperience, numberOfDeliveries, email, age, salary, employmentDate, workingStatus, truckOwnedorAssigned)
        VALUES ('ON0000000064', 'Driver 64', 'Address 64', 8, 626, 'driver64@example.com', 52, 76109.73, '2021-07-11', 'ACTIVE', 'ASSIGNED');
        
        INSERT INTO Driver (licenseNumber, driverName, homeAddress, yearsOfExperience, numberOfDeliveries, email, age, salary, employmentDate, workingStatus, truckOwnedorAssigned)
        VALUES ('ON0000000065', 'Driver 65', 'Address 65', 8, 660, 'driver65@example.com', 27, 62956.21, '2020-11-25', 'ACTIVE', 'ASSIGNED');
        
        INSERT INTO Driver (licenseNumber, driverName, homeAddress, yearsOfExperience, numberOfDeliveries, email, age, salary, employmentDate, workingStatus, truckOwnedorAssigned)
        VALUES ('ON0000000066', 'Driver 66', 'Address 66', 18, 544, 'driver66@example.com', 48, 68152.88, '2018-09-06', 'ACTIVE', 'ASSIGNED');
        
        INSERT INTO Driver (licenseNumber, driverName, homeAddress, yearsOfExperience, numberOfDeliveries, email, age, salary, employmentDate, workingStatus, truckOwnedorAssigned)
        VALUES ('ON0000000067', 'Driver 67', 'Address 67', 13, 371, 'driver67@example.com', 36, 58193.75, '2015-10-28', 'ACTIVE', 'ASSIGNED');
        
        INSERT INTO Driver (licenseNumber, driverName, homeAddress, yearsOfExperience, numberOfDeliveries, email, age, salary, employmentDate, workingStatus, truckOwnedorAssigned)
        VALUES ('ON0000000068', 'Driver 68', 'Address 68', 18, 132, 'driver68@example.com', 36, 78620.55, '2015-12-13', 'ACTIVE', 'ASSIGNED');
        
        INSERT INTO Driver (licenseNumber, driverName, homeAddress, yearsOfExperience, numberOfDeliveries, email, age, salary, employmentDate, workingStatus, truckOwnedorAssigned)
        VALUES ('ON0000000069', 'Driver 69', 'Address 69', 1, 828, 'driver69@example.com', 50, 77898.43, '2018-07-04', 'ACTIVE', 'ASSIGNED');
        
        INSERT INTO Driver (licenseNumber, driverName, homeAddress, yearsOfExperience, numberOfDeliveries, email, age, salary, employmentDate, workingStatus, truckOwnedorAssigned)
        VALUES ('ON0000000070', 'Driver 70', 'Address 70', 12, 806, 'driver70@example.com', 44, 78198.32, '2017-11-04', 'ACTIVE', 'ASSIGNED');
        
        INSERT INTO Driver (licenseNumber, driverName, homeAddress, yearsOfExperience, numberOfDeliveries, email, age, salary, employmentDate, workingStatus, truckOwnedorAssigned)
        VALUES ('ON0000000071', 'Driver 71', 'Address 71', 18, 801, 'driver71@example.com', 30, 58250.19, '2016-10-11', 'ACTIVE', 'ASSIGNED');
        
        INSERT INTO Driver (licenseNumber, driverName, homeAddress, yearsOfExperience, numberOfDeliveries, email, age, salary, employmentDate, workingStatus, truckOwnedorAssigned)
        VALUES ('ON0000000072', 'Driver 72', 'Address 72', 19, 892, 'driver72@example.com', 39, 56783.00, '2021-12-09', 'ACTIVE', 'ASSIGNED');
        
        INSERT INTO Driver (licenseNumber, driverName, homeAddress, yearsOfExperience, numberOfDeliveries, email, age, salary, employmentDate, workingStatus, truckOwnedorAssigned)
        VALUES ('ON0000000073', 'Driver 73', 'Address 73', 5, 655, 'driver73@example.com', 37, 65985.08, '2016-10-30', 'ACTIVE', 'ASSIGNED');
        
        INSERT INTO Driver (licenseNumber, driverName, homeAddress, yearsOfExperience, numberOfDeliveries, email, age, salary, employmentDate, workingStatus, truckOwnedorAssigned)
        VALUES ('ON0000000074', 'Driver 74', 'Address 74', 6, 629, 'driver74@example.com', 54, 43079.56, '2019-09-24', 'ACTIVE', 'ASSIGNED');
        
        INSERT INTO Driver (licenseNumber, driverName, homeAddress, yearsOfExperience, numberOfDeliveries, email, age, salary, employmentDate, workingStatus, truckOwnedorAssigned)
        VALUES ('ON0000000075', 'Driver 75', 'Address 75', 15, 274, 'driver75@example.com', 56, 77698.34, '2022-03-01', 'ACTIVE', 'ASSIGNED');
        
        INSERT INTO Driver (licenseNumber, driverName, homeAddress, yearsOfExperience, numberOfDeliveries, email, age, salary, employmentDate, workingStatus, truckOwnedorAssigned)
        VALUES ('ON0000000076', 'Driver 76', 'Address 76', 6, 608, 'driver76@example.com', 56, 55356.80, '2019-11-06', 'ACTIVE', 'ASSIGNED');
        
        INSERT INTO Driver (licenseNumber, driverName, homeAddress, yearsOfExperience, numberOfDeliveries, email, age, salary, employmentDate, workingStatus, truckOwnedorAssigned)
        VALUES ('ON0000000077', 'Driver 77', 'Address 77', 6, 13, 'driver77@example.com', 42, 43840.50, '2021-05-14', 'ACTIVE', 'ASSIGNED');
        
        INSERT INTO Driver (licenseNumber, driverName, homeAddress, yearsOfExperience, numberOfDeliveries, email, age, salary, employmentDate, workingStatus, truckOwnedorAssigned)
        VALUES ('ON0000000078', 'Driver 78', 'Address 78', 4, 335, 'driver78@example.com', 41, 68300.39, '2017-06-01', 'ACTIVE', 'ASSIGNED');
        
        INSERT INTO Driver (licenseNumber, driverName, homeAddress, yearsOfExperience, numberOfDeliveries, email, age, salary, employmentDate, workingStatus, truckOwnedorAssigned)
        VALUES ('ON0000000079', 'Driver 79', 'Address 79', 14, 968, 'driver79@example.com', 42, 68730.66, '2015-09-01', 'ACTIVE', 'ASSIGNED');
        
        INSERT INTO Driver (licenseNumber, driverName, homeAddress, yearsOfExperience, numberOfDeliveries, email, age, salary, employmentDate, workingStatus, truckOwnedorAssigned)
        VALUES ('ON0000000080', 'Driver 80', 'Address 80', 18, 550, 'driver80@example.com', 45, 52529.60, '2021-09-04', 'ACTIVE', 'ASSIGNED');
        
        INSERT INTO Driver (licenseNumber, driverName, homeAddress, yearsOfExperience, numberOfDeliveries, email, age, salary, employmentDate, workingStatus, truckOwnedorAssigned)
        VALUES ('ON0000000081', 'Driver 81', 'Address 81', 8, 108, 'driver81@example.com', 31, 54955.23, '2016-01-17', 'ACTIVE', 'ASSIGNED');
        
        INSERT INTO Driver (licenseNumber, driverName, homeAddress, yearsOfExperience, numberOfDeliveries, email, age, salary, employmentDate, workingStatus, truckOwnedorAssigned)
        VALUES ('ON0000000082', 'Driver 82', 'Address 82', 11, 760, 'driver82@example.com', 39, 78830.59, '2019-10-05', 'ACTIVE', 'ASSIGNED');
        
        INSERT INTO Driver (licenseNumber, driverName, homeAddress, yearsOfExperience, numberOfDeliveries, email, age, salary, employmentDate, workingStatus, truckOwnedorAssigned)
        VALUES ('ON0000000083', 'Driver 83', 'Address 83', 4, 345, 'driver83@example.com', 55, 44691.69, '2021-08-15', 'ACTIVE', 'ASSIGNED');
        
        INSERT INTO Driver (licenseNumber, driverName, homeAddress, yearsOfExperience, numberOfDeliveries, email, age, salary, employmentDate, workingStatus, truckOwnedorAssigned)
        VALUES ('ON0000000084', 'Driver 84', 'Address 84', 12, 75, 'driver84@example.com', 26, 54590.75, '2020-08-08', 'ACTIVE', 'ASSIGNED');
        
        INSERT INTO Driver (licenseNumber, driverName, homeAddress, yearsOfExperience, numberOfDeliveries, email, age, salary, employmentDate, workingStatus, truckOwnedorAssigned)
        VALUES ('ON0000000085', 'Driver 85', 'Address 85', 17, 941, 'driver85@example.com', 57, 62906.31, '2019-01-13', 'ACTIVE', 'ASSIGNED');
        
        INSERT INTO Driver (licenseNumber, driverName, homeAddress, yearsOfExperience, numberOfDeliveries, email, age, salary, employmentDate, workingStatus, truckOwnedorAssigned)
        VALUES ('ON0000000086', 'Driver 86', 'Address 86', 15, 413, 'driver86@example.com', 44, 58597.70, '2022-10-27', 'ACTIVE', 'ASSIGNED');
        
        INSERT INTO Driver (licenseNumber, driverName, homeAddress, yearsOfExperience, numberOfDeliveries, email, age, salary, employmentDate, workingStatus, truckOwnedorAssigned)
        VALUES ('ON0000000087', 'Driver 87', 'Address 87', 8, 453, 'driver87@example.com', 39, 65127.30, '2022-05-07', 'ACTIVE', 'ASSIGNED');
        
        INSERT INTO Driver (licenseNumber, driverName, homeAddress, yearsOfExperience, numberOfDeliveries, email, age, salary, employmentDate, workingStatus, truckOwnedorAssigned)
        VALUES ('ON0000000088', 'Driver 88', 'Address 88', 9, 976, 'driver88@example.com', 54, 57072.63, '2022-09-28', 'ACTIVE', 'ASSIGNED');
        
        INSERT INTO Driver (licenseNumber, driverName, homeAddress, yearsOfExperience, numberOfDeliveries, email, age, salary, employmentDate, workingStatus, truckOwnedorAssigned)
        VALUES ('ON0000000089', 'Driver 89', 'Address 89', 20, 996, 'driver89@example.com', 36, 44192.87, '2017-07-04', 'ACTIVE', 'ASSIGNED');
        
        INSERT INTO Driver (licenseNumber, driverName, homeAddress, yearsOfExperience, numberOfDeliveries, email, age, salary, employmentDate, workingStatus, truckOwnedorAssigned)
        VALUES ('ON0000000090', 'Driver 90', 'Address 90', 17, 236, 'driver90@example.com', 56, 76630.14, '2021-09-17', 'ACTIVE', 'ASSIGNED');
        
        INSERT INTO Driver (licenseNumber, driverName, homeAddress, yearsOfExperience, numberOfDeliveries, email, age, salary, employmentDate, workingStatus, truckOwnedorAssigned)
        VALUES ('ON0000000091', 'Driver 91', 'Address 91', 6, 849, 'driver91@example.com', 50, 52805.11, '2022-05-13', 'ACTIVE', 'ASSIGNED');
        
        INSERT INTO Driver (licenseNumber, driverName, homeAddress, yearsOfExperience, numberOfDeliveries, email, age, salary, employmentDate, workingStatus, truckOwnedorAssigned)
        VALUES ('ON0000000092', 'Driver 92', 'Address 92', 1, 662, 'driver92@example.com', 54, 70088.39, '2016-03-30', 'ACTIVE', 'ASSIGNED');
        
        INSERT INTO Driver (licenseNumber, driverName, homeAddress, yearsOfExperience, numberOfDeliveries, email, age, salary, employmentDate, workingStatus, truckOwnedorAssigned)
        VALUES ('ON0000000093', 'Driver 93', 'Address 93', 6, 429, 'driver93@example.com', 47, 52176.74, '2016-01-05', 'ACTIVE', 'ASSIGNED');
        
        INSERT INTO Driver (licenseNumber, driverName, homeAddress, yearsOfExperience, numberOfDeliveries, email, age, salary, employmentDate, workingStatus, truckOwnedorAssigned)
        VALUES ('ON0000000094', 'Driver 94', 'Address 94', 5, 80, 'driver94@example.com', 26, 75036.36, '2016-03-04', 'ACTIVE', 'ASSIGNED');
        
        INSERT INTO Driver (licenseNumber, driverName, homeAddress, yearsOfExperience, numberOfDeliveries, email, age, salary, employmentDate, workingStatus, truckOwnedorAssigned)
        VALUES ('ON0000000095', 'Driver 95', 'Address 95', 14, 72, 'driver95@example.com', 25, 55033.03, '2016-06-24', 'ACTIVE', 'ASSIGNED');
        
        INSERT INTO Driver (licenseNumber, driverName, homeAddress, yearsOfExperience, numberOfDeliveries, email, age, salary, employmentDate, workingStatus, truckOwnedorAssigned)
        VALUES ('ON0000000096', 'Driver 96', 'Address 96', 20, 185, 'driver96@example.com', 37, 61959.52, '2021-03-01', 'ACTIVE', 'ASSIGNED');
        
        INSERT INTO Driver (licenseNumber, driverName, homeAddress, yearsOfExperience, numberOfDeliveries, email, age, salary, employmentDate, workingStatus, truckOwnedorAssigned)
        VALUES ('ON0000000097', 'Driver 97', 'Address 97', 10, 655, 'driver97@example.com', 60, 47307.55, '2021-11-13', 'ACTIVE', 'ASSIGNED');
        
        INSERT INTO Driver (licenseNumber, driverName, homeAddress, yearsOfExperience, numberOfDeliveries, email, age, salary, employmentDate, workingStatus, truckOwnedorAssigned)
        VALUES ('ON0000000098', 'Driver 98', 'Address 98', 9, 983, 'driver98@example.com', 29, 76426.46, '2016-05-20', 'ACTIVE', 'ASSIGNED');
        
        INSERT INTO Driver (licenseNumber, driverName, homeAddress, yearsOfExperience, numberOfDeliveries, email, age, salary, employmentDate, workingStatus, truckOwnedorAssigned)
        VALUES ('ON0000000099', 'Driver 99', 'Address 99', 14, 251, 'driver99@example.com', 58, 58354.14, '2019-12-26', 'ACTIVE', 'ASSIGNED');
        
        INSERT INTO Driver (licenseNumber, driverName, homeAddress, yearsOfExperience, numberOfDeliveries, email, age, salary, employmentDate, workingStatus, truckOwnedorAssigned)
        VALUES ('ON0000000100', 'Driver 100', 'Address 100', 15, 519, 'driver100@example.com', 31, 64991.15, '2020-01-04', 'ACTIVE', 'ASSIGNED');
        INSERT INTO DriverPhone (driverID, phoneNumber, phoneType) VALUES (1, '4165559187', 'MOBILE');
INSERT INTO DriverPhone (driverID, phoneNumber, phoneType) VALUES (2, '4165553106', 'MOBILE');
INSERT INTO DriverPhone (driverID, phoneNumber, phoneType) VALUES (3, '4165557591', 'MOBILE');
INSERT INTO DriverPhone (driverID, phoneNumber, phoneType) VALUES (4, '4165551697', 'MOBILE');
INSERT INTO DriverPhone (driverID, phoneNumber, phoneType) VALUES (5, '4165558636', 'MOBILE');
INSERT INTO DriverPhone (driverID, phoneNumber, phoneType) VALUES (6, '4165557310', 'MOBILE');
INSERT INTO DriverPhone (driverID, phoneNumber, phoneType) VALUES (7, '4165559343', 'MOBILE');
INSERT INTO DriverPhone (driverID, phoneNumber, phoneType) VALUES (8, '4165554502', 'MOBILE');
INSERT INTO DriverPhone (driverID, phoneNumber, phoneType) VALUES (9, '4165556731', 'MOBILE');
INSERT INTO DriverPhone (driverID, phoneNumber, phoneType) VALUES (10, '4165552763', 'MOBILE');
INSERT INTO DriverPhone (driverID, phoneNumber, phoneType) VALUES (11, '4165558367', 'MOBILE');
INSERT INTO DriverPhone (driverID, phoneNumber, phoneType) VALUES (12, '4165556051', 'MOBILE');
INSERT INTO DriverPhone (driverID, phoneNumber, phoneType) VALUES (13, '4165559098', 'MOBILE');
INSERT INTO DriverPhone (driverID, phoneNumber, phoneType) VALUES (14, '4165556323', 'MOBILE');
INSERT INTO DriverPhone (driverID, phoneNumber, phoneType) VALUES (15, '4165552764', 'MOBILE');
INSERT INTO DriverPhone (driverID, phoneNumber, phoneType) VALUES (16, '4165553936', 'MOBILE');
INSERT INTO DriverPhone (driverID, phoneNumber, phoneType) VALUES (17, '4165551718', 'MOBILE');
INSERT INTO DriverPhone (driverID, phoneNumber, phoneType) VALUES (18, '4165556250', 'MOBILE');
INSERT INTO DriverPhone (driverID, phoneNumber, phoneType) VALUES (19, '4165558360', 'MOBILE');
INSERT INTO DriverPhone (driverID, phoneNumber, phoneType) VALUES (20, '4165559448', 'MOBILE');
INSERT INTO DriverPhone (driverID, phoneNumber, phoneType) VALUES (21, '4165553340', 'MOBILE');
INSERT INTO DriverPhone (driverID, phoneNumber, phoneType) VALUES (22, '4165559760', 'MOBILE');
INSERT INTO DriverPhone (driverID, phoneNumber, phoneType) VALUES (23, '4165556076', 'MOBILE');
INSERT INTO DriverPhone (driverID, phoneNumber, phoneType) VALUES (24, '4165556355', 'MOBILE');
INSERT INTO DriverPhone (driverID, phoneNumber, phoneType) VALUES (25, '4165556598', 'MOBILE');
INSERT INTO DriverPhone (driverID, phoneNumber, phoneType) VALUES (26, '4165553004', 'MOBILE');
INSERT INTO DriverPhone (driverID, phoneNumber, phoneType) VALUES (27, '4165558597', 'MOBILE');
INSERT INTO DriverPhone (driverID, phoneNumber, phoneType) VALUES (28, '4165554176', 'MOBILE');
INSERT INTO DriverPhone (driverID, phoneNumber, phoneType) VALUES (29, '4165553204', 'MOBILE');
INSERT INTO DriverPhone (driverID, phoneNumber, phoneType) VALUES (30, '4165553695', 'MOBILE');
INSERT INTO DriverPhone (driverID, phoneNumber, phoneType) VALUES (31, '4165556798', 'MOBILE');
INSERT INTO DriverPhone (driverID, phoneNumber, phoneType) VALUES (32, '4165552083', 'MOBILE');
INSERT INTO DriverPhone (driverID, phoneNumber, phoneType) VALUES (33, '4165552359', 'MOBILE');
INSERT INTO DriverPhone (driverID, phoneNumber, phoneType) VALUES (34, '4165555037', 'MOBILE');
INSERT INTO DriverPhone (driverID, phoneNumber, phoneType) VALUES (35, '4165557674', 'MOBILE');
INSERT INTO DriverPhone (driverID, phoneNumber, phoneType) VALUES (36, '4165554811', 'MOBILE');
INSERT INTO DriverPhone (driverID, phoneNumber, phoneType) VALUES (37, '4165558184', 'MOBILE');
INSERT INTO DriverPhone (driverID, phoneNumber, phoneType) VALUES (38, '4165555664', 'MOBILE');
INSERT INTO DriverPhone (driverID, phoneNumber, phoneType) VALUES (39, '4165556494', 'MOBILE');
INSERT INTO DriverPhone (driverID, phoneNumber, phoneType) VALUES (40, '4165551690', 'MOBILE');
INSERT INTO DriverPhone (driverID, phoneNumber, phoneType) VALUES (41, '4165556632', 'MOBILE');
INSERT INTO DriverPhone (driverID, phoneNumber, phoneType) VALUES (42, '4165557414', 'MOBILE');
INSERT INTO DriverPhone (driverID, phoneNumber, phoneType) VALUES (43, '4165555491', 'MOBILE');
INSERT INTO DriverPhone (driverID, phoneNumber, phoneType) VALUES (44, '4165554528', 'MOBILE');
INSERT INTO DriverPhone (driverID, phoneNumber, phoneType) VALUES (45, '4165558989', 'MOBILE');
INSERT INTO DriverPhone (driverID, phoneNumber, phoneType) VALUES (46, '4165558619', 'MOBILE');
INSERT INTO DriverPhone (driverID, phoneNumber, phoneType) VALUES (47, '4165554083', 'MOBILE');
INSERT INTO DriverPhone (driverID, phoneNumber, phoneType) VALUES (48, '4165555524', 'MOBILE');
INSERT INTO DriverPhone (driverID, phoneNumber, phoneType) VALUES (49, '4165551014', 'MOBILE');
INSERT INTO DriverPhone (driverID, phoneNumber, phoneType) VALUES (50, '4165553269', 'MOBILE');
INSERT INTO DriverPhone (driverID, phoneNumber, phoneType) VALUES (51, '4165556128', 'MOBILE');
INSERT INTO DriverPhone (driverID, phoneNumber, phoneType) VALUES (52, '4165553244', 'MOBILE');
INSERT INTO DriverPhone (driverID, phoneNumber, phoneType) VALUES (53, '4165559611', 'MOBILE');
INSERT INTO DriverPhone (driverID, phoneNumber, phoneType) VALUES (54, '4165556091', 'MOBILE');
INSERT INTO DriverPhone (driverID, phoneNumber, phoneType) VALUES (55, '4165555694', 'MOBILE');
INSERT INTO DriverPhone (driverID, phoneNumber, phoneType) VALUES (56, '4165553751', 'MOBILE');
INSERT INTO DriverPhone (driverID, phoneNumber, phoneType) VALUES (57, '4165554377', 'MOBILE');
INSERT INTO DriverPhone (driverID, phoneNumber, phoneType) VALUES (58, '4165558874', 'MOBILE');
INSERT INTO DriverPhone (driverID, phoneNumber, phoneType) VALUES (59, '4165556692', 'MOBILE');
INSERT INTO DriverPhone (driverID, phoneNumber, phoneType) VALUES (60, '4165554754', 'MOBILE');
INSERT INTO DriverPhone (driverID, phoneNumber, phoneType) VALUES (61, '4165551192', 'MOBILE');
INSERT INTO DriverPhone (driverID, phoneNumber, phoneType) VALUES (62, '4165558460', 'MOBILE');
INSERT INTO DriverPhone (driverID, phoneNumber, phoneType) VALUES (63, '4165557386', 'MOBILE');
INSERT INTO DriverPhone (driverID, phoneNumber, phoneType) VALUES (64, '4165552262', 'MOBILE');
INSERT INTO DriverPhone (driverID, phoneNumber, phoneType) VALUES (65, '4165557448', 'MOBILE');
INSERT INTO DriverPhone (driverID, phoneNumber, phoneType) VALUES (66, '4165555595', 'MOBILE');
INSERT INTO DriverPhone (driverID, phoneNumber, phoneType) VALUES (67, '4165551084', 'MOBILE');
INSERT INTO DriverPhone (driverID, phoneNumber, phoneType) VALUES (68, '4165558204', 'MOBILE');
INSERT INTO DriverPhone (driverID, phoneNumber, phoneType) VALUES (69, '4165558687', 'MOBILE');
INSERT INTO DriverPhone (driverID, phoneNumber, phoneType) VALUES (70, '4165558201', 'MOBILE');
INSERT INTO DriverPhone (driverID, phoneNumber, phoneType) VALUES (71, '4165559866', 'MOBILE');
INSERT INTO DriverPhone (driverID, phoneNumber, phoneType) VALUES (72, '4165554296', 'MOBILE');
INSERT INTO DriverPhone (driverID, phoneNumber, phoneType) VALUES (73, '4165554385', 'MOBILE');
INSERT INTO DriverPhone (driverID, phoneNumber, phoneType) VALUES (74, '4165555891', 'MOBILE');
INSERT INTO DriverPhone (driverID, phoneNumber, phoneType) VALUES (75, '4165553643', 'MOBILE');
INSERT INTO DriverPhone (driverID, phoneNumber, phoneType) VALUES (76, '4165554709', 'MOBILE');
INSERT INTO DriverPhone (driverID, phoneNumber, phoneType) VALUES (77, '4165551476', 'MOBILE');
INSERT INTO DriverPhone (driverID, phoneNumber, phoneType) VALUES (78, '4165552350', 'MOBILE');
INSERT INTO DriverPhone (driverID, phoneNumber, phoneType) VALUES (79, '4165552216', 'MOBILE');
INSERT INTO DriverPhone (driverID, phoneNumber, phoneType) VALUES (80, '4165554159', 'MOBILE');
INSERT INTO DriverPhone (driverID, phoneNumber, phoneType) VALUES (81, '4165556414', 'MOBILE');
INSERT INTO DriverPhone (driverID, phoneNumber, phoneType) VALUES (82, '4165555091', 'MOBILE');
INSERT INTO DriverPhone (driverID, phoneNumber, phoneType) VALUES (83, '4165552636', 'MOBILE');
INSERT INTO DriverPhone (driverID, phoneNumber, phoneType) VALUES (84, '4165552429', 'MOBILE');
INSERT INTO DriverPhone (driverID, phoneNumber, phoneType) VALUES (85, '4165553136', 'MOBILE');
INSERT INTO DriverPhone (driverID, phoneNumber, phoneType) VALUES (86, '4165557396', 'MOBILE');
INSERT INTO DriverPhone (driverID, phoneNumber, phoneType) VALUES (87, '4165556758', 'MOBILE');
INSERT INTO DriverPhone (driverID, phoneNumber, phoneType) VALUES (88, '4165555992', 'MOBILE');
INSERT INTO DriverPhone (driverID, phoneNumber, phoneType) VALUES (89, '4165556009', 'MOBILE');
INSERT INTO DriverPhone (driverID, phoneNumber, phoneType) VALUES (90, '4165559530', 'MOBILE');
INSERT INTO DriverPhone (driverID, phoneNumber, phoneType) VALUES (91, '4165554414', 'MOBILE');
INSERT INTO DriverPhone (driverID, phoneNumber, phoneType) VALUES (92, '4165552933', 'MOBILE');
INSERT INTO DriverPhone (driverID, phoneNumber, phoneType) VALUES (93, '4165553407', 'MOBILE');
INSERT INTO DriverPhone (driverID, phoneNumber, phoneType) VALUES (94, '4165557526', 'MOBILE');
INSERT INTO DriverPhone (driverID, phoneNumber, phoneType) VALUES (95, '4165554955', 'MOBILE');
INSERT INTO DriverPhone (driverID, phoneNumber, phoneType) VALUES (96, '4165554018', 'MOBILE');
INSERT INTO DriverPhone (driverID, phoneNumber, phoneType) VALUES (97, '4165554740', 'MOBILE');
INSERT INTO DriverPhone (driverID, phoneNumber, phoneType) VALUES (98, '4165555697', 'MOBILE');
INSERT INTO DriverPhone (driverID, phoneNumber, phoneType) VALUES (99, '4165551309', 'MOBILE');
INSERT INTO DriverPhone (driverID, phoneNumber, phoneType) VALUES (100, '4165557237', 'MOBILE');
INSERT INTO EmergencyInformation (driverID, contanctName, contactNumber) VALUES (1, 'Emergency Contact 1', '4165559212');
INSERT INTO EmergencyInformation (driverID, contanctName, contactNumber) VALUES (2, 'Emergency Contact 2', '4165557904');
INSERT INTO EmergencyInformation (driverID, contanctName, contactNumber) VALUES (3, 'Emergency Contact 3', '4165557388');
INSERT INTO EmergencyInformation (driverID, contanctName, contactNumber) VALUES (4, 'Emergency Contact 4', '4165553270');
INSERT INTO EmergencyInformation (driverID, contanctName, contactNumber) VALUES (5, 'Emergency Contact 5', '4165552307');
INSERT INTO EmergencyInformation (driverID, contanctName, contactNumber) VALUES (6, 'Emergency Contact 6', '4165557752');
INSERT INTO EmergencyInformation (driverID, contanctName, contactNumber) VALUES (7, 'Emergency Contact 7', '4165553885');
INSERT INTO EmergencyInformation (driverID, contanctName, contactNumber) VALUES (8, 'Emergency Contact 8', '4165557748');
INSERT INTO EmergencyInformation (driverID, contanctName, contactNumber) VALUES (9, 'Emergency Contact 9', '4165559022');
INSERT INTO EmergencyInformation (driverID, contanctName, contactNumber) VALUES (10, 'Emergency Contact 10', '4165556793');
INSERT INTO EmergencyInformation (driverID, contanctName, contactNumber) VALUES (11, 'Emergency Contact 11', '4165557129');
INSERT INTO EmergencyInformation (driverID, contanctName, contactNumber) VALUES (12, 'Emergency Contact 12', '4165552855');
INSERT INTO EmergencyInformation (driverID, contanctName, contactNumber) VALUES (13, 'Emergency Contact 13', '4165558915');
INSERT INTO EmergencyInformation (driverID, contanctName, contactNumber) VALUES (14, 'Emergency Contact 14', '4165559811');
INSERT INTO EmergencyInformation (driverID, contanctName, contactNumber) VALUES (15, 'Emergency Contact 15', '4165557906');
INSERT INTO EmergencyInformation (driverID, contanctName, contactNumber) VALUES (16, 'Emergency Contact 16', '4165559019');
INSERT INTO EmergencyInformation (driverID, contanctName, contactNumber) VALUES (17, 'Emergency Contact 17', '4165557722');
INSERT INTO EmergencyInformation (driverID, contanctName, contactNumber) VALUES (18, 'Emergency Contact 18', '4165559843');
INSERT INTO EmergencyInformation (driverID, contanctName, contactNumber) VALUES (19, 'Emergency Contact 19', '4165559031');
INSERT INTO EmergencyInformation (driverID, contanctName, contactNumber) VALUES (20, 'Emergency Contact 20', '4165559678');
INSERT INTO EmergencyInformation (driverID, contanctName, contactNumber) VALUES (21, 'Emergency Contact 21', '4165558311');
INSERT INTO EmergencyInformation (driverID, contanctName, contactNumber) VALUES (22, 'Emergency Contact 22', '4165556697');
INSERT INTO EmergencyInformation (driverID, contanctName, contactNumber) VALUES (23, 'Emergency Contact 23', '4165556358');
INSERT INTO EmergencyInformation (driverID, contanctName, contactNumber) VALUES (24, 'Emergency Contact 24', '4165559361');
INSERT INTO EmergencyInformation (driverID, contanctName, contactNumber) VALUES (25, 'Emergency Contact 25', '4165552559');
INSERT INTO EmergencyInformation (driverID, contanctName, contactNumber) VALUES (26, 'Emergency Contact 26', '4165554020');
INSERT INTO EmergencyInformation (driverID, contanctName, contactNumber) VALUES (27, 'Emergency Contact 27', '4165557369');
INSERT INTO EmergencyInformation (driverID, contanctName, contactNumber) VALUES (28, 'Emergency Contact 28', '4165557046');
INSERT INTO EmergencyInformation (driverID, contanctName, contactNumber) VALUES (29, 'Emergency Contact 29', '4165554549');
INSERT INTO EmergencyInformation (driverID, contanctName, contactNumber) VALUES (30, 'Emergency Contact 30', '4165551316');
INSERT INTO EmergencyInformation (driverID, contanctName, contactNumber) VALUES (31, 'Emergency Contact 31', '4165558745');
INSERT INTO EmergencyInformation (driverID, contanctName, contactNumber) VALUES (32, 'Emergency Contact 32', '4165556829');
INSERT INTO EmergencyInformation (driverID, contanctName, contactNumber) VALUES (33, 'Emergency Contact 33', '4165556772');
INSERT INTO EmergencyInformation (driverID, contanctName, contactNumber) VALUES (34, 'Emergency Contact 34', '4165552752');
INSERT INTO EmergencyInformation (driverID, contanctName, contactNumber) VALUES (35, 'Emergency Contact 35', '4165555097');
INSERT INTO EmergencyInformation (driverID, contanctName, contactNumber) VALUES (36, 'Emergency Contact 36', '4165554796');
INSERT INTO EmergencyInformation (driverID, contanctName, contactNumber) VALUES (37, 'Emergency Contact 37', '4165553094');
INSERT INTO EmergencyInformation (driverID, contanctName, contactNumber) VALUES (38, 'Emergency Contact 38', '4165558360');
INSERT INTO EmergencyInformation (driverID, contanctName, contactNumber) VALUES (39, 'Emergency Contact 39', '4165559703');
INSERT INTO EmergencyInformation (driverID, contanctName, contactNumber) VALUES (40, 'Emergency Contact 40', '4165551749');
INSERT INTO EmergencyInformation (driverID, contanctName, contactNumber) VALUES (41, 'Emergency Contact 41', '4165556048');
INSERT INTO EmergencyInformation (driverID, contanctName, contactNumber) VALUES (42, 'Emergency Contact 42', '4165551946');
INSERT INTO EmergencyInformation (driverID, contanctName, contactNumber) VALUES (43, 'Emergency Contact 43', '4165558147');
INSERT INTO EmergencyInformation (driverID, contanctName, contactNumber) VALUES (44, 'Emergency Contact 44', '4165551859');
INSERT INTO EmergencyInformation (driverID, contanctName, contactNumber) VALUES (45, 'Emergency Contact 45', '4165556248');
INSERT INTO EmergencyInformation (driverID, contanctName, contactNumber) VALUES (46, 'Emergency Contact 46', '4165552561');
INSERT INTO EmergencyInformation (driverID, contanctName, contactNumber) VALUES (47, 'Emergency Contact 47', '4165559674');
INSERT INTO EmergencyInformation (driverID, contanctName, contactNumber) VALUES (48, 'Emergency Contact 48', '4165556099');
INSERT INTO EmergencyInformation (driverID, contanctName, contactNumber) VALUES (49, 'Emergency Contact 49', '4165551826');
INSERT INTO EmergencyInformation (driverID, contanctName, contactNumber) VALUES (50, 'Emergency Contact 50', '4165559090');
INSERT INTO EmergencyInformation (driverID, contanctName, contactNumber) VALUES (51, 'Emergency Contact 51', '4165557004');
INSERT INTO EmergencyInformation (driverID, contanctName, contactNumber) VALUES (52, 'Emergency Contact 52', '4165559005');
INSERT INTO EmergencyInformation (driverID, contanctName, contactNumber) VALUES (53, 'Emergency Contact 53', '4165554553');
INSERT INTO EmergencyInformation (driverID, contanctName, contactNumber) VALUES (54, 'Emergency Contact 54', '4165552587');
INSERT INTO EmergencyInformation (driverID, contanctName, contactNumber) VALUES (55, 'Emergency Contact 55', '4165556128');
INSERT INTO EmergencyInformation (driverID, contanctName, contactNumber) VALUES (56, 'Emergency Contact 56', '4165551766');
INSERT INTO EmergencyInformation (driverID, contanctName, contactNumber) VALUES (57, 'Emergency Contact 57', '4165553908');
INSERT INTO EmergencyInformation (driverID, contanctName, contactNumber) VALUES (58, 'Emergency Contact 58', '4165551137');
INSERT INTO EmergencyInformation (driverID, contanctName, contactNumber) VALUES (59, 'Emergency Contact 59', '4165555752');
INSERT INTO EmergencyInformation (driverID, contanctName, contactNumber) VALUES (60, 'Emergency Contact 60', '4165558990');
INSERT INTO EmergencyInformation (driverID, contanctName, contactNumber) VALUES (61, 'Emergency Contact 61', '4165555746');
INSERT INTO EmergencyInformation (driverID, contanctName, contactNumber) VALUES (62, 'Emergency Contact 62', '4165555781');
INSERT INTO EmergencyInformation (driverID, contanctName, contactNumber) VALUES (63, 'Emergency Contact 63', '4165559756');
INSERT INTO EmergencyInformation (driverID, contanctName, contactNumber) VALUES (64, 'Emergency Contact 64', '4165558263');
INSERT INTO EmergencyInformation (driverID, contanctName, contactNumber) VALUES (65, 'Emergency Contact 65', '4165554494');
INSERT INTO EmergencyInformation (driverID, contanctName, contactNumber) VALUES (66, 'Emergency Contact 66', '4165557937');
INSERT INTO EmergencyInformation (driverID, contanctName, contactNumber) VALUES (67, 'Emergency Contact 67', '4165552350');
INSERT INTO EmergencyInformation (driverID, contanctName, contactNumber) VALUES (68, 'Emergency Contact 68', '4165555458');
INSERT INTO EmergencyInformation (driverID, contanctName, contactNumber) VALUES (69, 'Emergency Contact 69', '4165552763');
INSERT INTO EmergencyInformation (driverID, contanctName, contactNumber) VALUES (70, 'Emergency Contact 70', '4165555607');
INSERT INTO EmergencyInformation (driverID, contanctName, contactNumber) VALUES (71, 'Emergency Contact 71', '4165554267');
INSERT INTO EmergencyInformation (driverID, contanctName, contactNumber) VALUES (72, 'Emergency Contact 72', '4165554858');
INSERT INTO EmergencyInformation (driverID, contanctName, contactNumber) VALUES (73, 'Emergency Contact 73', '4165552553');
INSERT INTO EmergencyInformation (driverID, contanctName, contactNumber) VALUES (74, 'Emergency Contact 74', '4165552080');
INSERT INTO EmergencyInformation (driverID, contanctName, contactNumber) VALUES (75, 'Emergency Contact 75', '4165551800');
INSERT INTO EmergencyInformation (driverID, contanctName, contactNumber) VALUES (76, 'Emergency Contact 76', '4165557985');
INSERT INTO EmergencyInformation (driverID, contanctName, contactNumber) VALUES (77, 'Emergency Contact 77', '4165556082');
INSERT INTO EmergencyInformation (driverID, contanctName, contactNumber) VALUES (78, 'Emergency Contact 78', '4165554486');
INSERT INTO EmergencyInformation (driverID, contanctName, contactNumber) VALUES (79, 'Emergency Contact 79', '4165557221');
INSERT INTO EmergencyInformation (driverID, contanctName, contactNumber) VALUES (80, 'Emergency Contact 80', '4165556658');
INSERT INTO EmergencyInformation (driverID, contanctName, contactNumber) VALUES (81, 'Emergency Contact 81', '4165559714');
INSERT INTO EmergencyInformation (driverID, contanctName, contactNumber) VALUES (82, 'Emergency Contact 82', '4165557759');
INSERT INTO EmergencyInformation (driverID, contanctName, contactNumber) VALUES (83, 'Emergency Contact 83', '4165558443');
INSERT INTO EmergencyInformation (driverID, contanctName, contactNumber) VALUES (84, 'Emergency Contact 84', '4165553149');
INSERT INTO EmergencyInformation (driverID, contanctName, contactNumber) VALUES (85, 'Emergency Contact 85', '4165553587');
INSERT INTO EmergencyInformation (driverID, contanctName, contactNumber) VALUES (86, 'Emergency Contact 86', '4165559607');
INSERT INTO EmergencyInformation (driverID, contanctName, contactNumber) VALUES (87, 'Emergency Contact 87', '4165555983');
INSERT INTO EmergencyInformation (driverID, contanctName, contactNumber) VALUES (88, 'Emergency Contact 88', '4165552032');
INSERT INTO EmergencyInformation (driverID, contanctName, contactNumber) VALUES (89, 'Emergency Contact 89', '4165554064');
INSERT INTO EmergencyInformation (driverID, contanctName, contactNumber) VALUES (90, 'Emergency Contact 90', '4165555585');
INSERT INTO EmergencyInformation (driverID, contanctName, contactNumber) VALUES (91, 'Emergency Contact 91', '4165554899');
INSERT INTO EmergencyInformation (driverID, contanctName, contactNumber) VALUES (92, 'Emergency Contact 92', '4165552768');
INSERT INTO EmergencyInformation (driverID, contanctName, contactNumber) VALUES (93, 'Emergency Contact 93', '4165555922');
INSERT INTO EmergencyInformation (driverID, contanctName, contactNumber) VALUES (94, 'Emergency Contact 94', '4165552636');
INSERT INTO EmergencyInformation (driverID, contanctName, contactNumber) VALUES (95, 'Emergency Contact 95', '4165556906');
INSERT INTO EmergencyInformation (driverID, contanctName, contactNumber) VALUES (96, 'Emergency Contact 96', '4165551668');
INSERT INTO EmergencyInformation (driverID, contanctName, contactNumber) VALUES (97, 'Emergency Contact 97', '4165551022');
INSERT INTO EmergencyInformation (driverID, contanctName, contactNumber) VALUES (98, 'Emergency Contact 98', '4165557805');
INSERT INTO EmergencyInformation (driverID, contanctName, contactNumber) VALUES (99, 'Emergency Contact 99', '4165555720');
INSERT INTO EmergencyInformation (driverID, contanctName, contactNumber) VALUES (100, 'Emergency Contact 100', '4165554256');
INSERT INTO bankInformation (driverID, transitNo, branchNo, accountNo) VALUES (1, 32622, 315, 831276969);
INSERT INTO bankInformation (driverID, transitNo, branchNo, accountNo) VALUES (2, 14845, 652, 377115818);
INSERT INTO bankInformation (driverID, transitNo, branchNo, accountNo) VALUES (3, 12921, 546, 591955983);
INSERT INTO bankInformation (driverID, transitNo, branchNo, accountNo) VALUES (4, 47564, 996, 794850241);
INSERT INTO bankInformation (driverID, transitNo, branchNo, accountNo) VALUES (5, 93251, 383, 652164445);
INSERT INTO bankInformation (driverID, transitNo, branchNo, accountNo) VALUES (6, 80067, 987, 166496052);
INSERT INTO bankInformation (driverID, transitNo, branchNo, accountNo) VALUES (7, 57110, 603, 589503648);
INSERT INTO bankInformation (driverID, transitNo, branchNo, accountNo) VALUES (8, 53169, 884, 504513877);
INSERT INTO bankInformation (driverID, transitNo, branchNo, accountNo) VALUES (9, 32363, 255, 605182977);
INSERT INTO bankInformation (driverID, transitNo, branchNo, accountNo) VALUES (10, 15643, 624, 986604465);
INSERT INTO bankInformation (driverID, transitNo, branchNo, accountNo) VALUES (11, 71859, 426, 518970968);
INSERT INTO bankInformation (driverID, transitNo, branchNo, accountNo) VALUES (12, 66055, 508, 410977971);
INSERT INTO bankInformation (driverID, transitNo, branchNo, accountNo) VALUES (13, 47142, 473, 893412310);
INSERT INTO bankInformation (driverID, transitNo, branchNo, accountNo) VALUES (14, 99659, 139, 490320429);
INSERT INTO bankInformation (driverID, transitNo, branchNo, accountNo) VALUES (15, 14373, 803, 204719351);
INSERT INTO bankInformation (driverID, transitNo, branchNo, accountNo) VALUES (16, 75749, 630, 473602021);
INSERT INTO bankInformation (driverID, transitNo, branchNo, accountNo) VALUES (17, 25328, 198, 733276932);
INSERT INTO bankInformation (driverID, transitNo, branchNo, accountNo) VALUES (18, 77492, 612, 608019994);
INSERT INTO bankInformation (driverID, transitNo, branchNo, accountNo) VALUES (19, 56046, 958, 228138143);
INSERT INTO bankInformation (driverID, transitNo, branchNo, accountNo) VALUES (20, 96431, 723, 238876685);
INSERT INTO bankInformation (driverID, transitNo, branchNo, accountNo) VALUES (21, 79109, 393, 898206399);
INSERT INTO bankInformation (driverID, transitNo, branchNo, accountNo) VALUES (22, 22118, 279, 293343067);
INSERT INTO bankInformation (driverID, transitNo, branchNo, accountNo) VALUES (23, 10258, 782, 701569350);
INSERT INTO bankInformation (driverID, transitNo, branchNo, accountNo) VALUES (24, 35234, 523, 936074061);
INSERT INTO bankInformation (driverID, transitNo, branchNo, accountNo) VALUES (25, 64273, 411, 876771993);
INSERT INTO bankInformation (driverID, transitNo, branchNo, accountNo) VALUES (26, 46337, 771, 641036070);
INSERT INTO bankInformation (driverID, transitNo, branchNo, accountNo) VALUES (27, 33722, 942, 494373856);
INSERT INTO bankInformation (driverID, transitNo, branchNo, accountNo) VALUES (28, 12038, 452, 135928987);
INSERT INTO bankInformation (driverID, transitNo, branchNo, accountNo) VALUES (29, 60010, 851, 372666161);
INSERT INTO bankInformation (driverID, transitNo, branchNo, accountNo) VALUES (30, 30000, 325, 681823377);
INSERT INTO bankInformation (driverID, transitNo, branchNo, accountNo) VALUES (31, 50252, 105, 678556818);
INSERT INTO bankInformation (driverID, transitNo, branchNo, accountNo) VALUES (32, 51424, 294, 185259237);
INSERT INTO bankInformation (driverID, transitNo, branchNo, accountNo) VALUES (33, 88545, 426, 113664579);
INSERT INTO bankInformation (driverID, transitNo, branchNo, accountNo) VALUES (34, 43070, 306, 874928762);
INSERT INTO bankInformation (driverID, transitNo, branchNo, accountNo) VALUES (35, 18647, 206, 494353089);
INSERT INTO bankInformation (driverID, transitNo, branchNo, accountNo) VALUES (36, 67364, 109, 357589469);
INSERT INTO bankInformation (driverID, transitNo, branchNo, accountNo) VALUES (37, 27802, 603, 958770644);
INSERT INTO bankInformation (driverID, transitNo, branchNo, accountNo) VALUES (38, 52250, 563, 143905206);
INSERT INTO bankInformation (driverID, transitNo, branchNo, accountNo) VALUES (39, 13884, 760, 879036372);
INSERT INTO bankInformation (driverID, transitNo, branchNo, accountNo) VALUES (40, 99546, 195, 667136747);
INSERT INTO bankInformation (driverID, transitNo, branchNo, accountNo) VALUES (41, 27436, 690, 128422337);
INSERT INTO bankInformation (driverID, transitNo, branchNo, accountNo) VALUES (42, 54869, 131, 777463319);
INSERT INTO bankInformation (driverID, transitNo, branchNo, accountNo) VALUES (43, 37401, 693, 358515621);
INSERT INTO bankInformation (driverID, transitNo, branchNo, accountNo) VALUES (44, 54839, 207, 547523760);
INSERT INTO bankInformation (driverID, transitNo, branchNo, accountNo) VALUES (45, 37987, 444, 625537745);
INSERT INTO bankInformation (driverID, transitNo, branchNo, accountNo) VALUES (46, 55143, 449, 320689444);
INSERT INTO bankInformation (driverID, transitNo, branchNo, accountNo) VALUES (47, 57049, 924, 198518479);
INSERT INTO bankInformation (driverID, transitNo, branchNo, accountNo) VALUES (48, 30251, 387, 890463864);
INSERT INTO bankInformation (driverID, transitNo, branchNo, accountNo) VALUES (49, 67874, 305, 611108559);
INSERT INTO bankInformation (driverID, transitNo, branchNo, accountNo) VALUES (50, 37371, 344, 302398507);
INSERT INTO bankInformation (driverID, transitNo, branchNo, accountNo) VALUES (51, 35907, 513, 205998446);
INSERT INTO bankInformation (driverID, transitNo, branchNo, accountNo) VALUES (52, 95252, 481, 333202383);
INSERT INTO bankInformation (driverID, transitNo, branchNo, accountNo) VALUES (53, 85243, 908, 204311759);
INSERT INTO bankInformation (driverID, transitNo, branchNo, accountNo) VALUES (54, 94707, 438, 123180626);
INSERT INTO bankInformation (driverID, transitNo, branchNo, accountNo) VALUES (55, 65721, 105, 658158913);
INSERT INTO bankInformation (driverID, transitNo, branchNo, accountNo) VALUES (56, 87586, 382, 511612270);
INSERT INTO bankInformation (driverID, transitNo, branchNo, accountNo) VALUES (57, 74494, 708, 149965387);
INSERT INTO bankInformation (driverID, transitNo, branchNo, accountNo) VALUES (58, 72254, 719, 483353693);
INSERT INTO bankInformation (driverID, transitNo, branchNo, accountNo) VALUES (59, 21057, 183, 434736513);
INSERT INTO bankInformation (driverID, transitNo, branchNo, accountNo) VALUES (60, 12852, 309, 972289384);
INSERT INTO bankInformation (driverID, transitNo, branchNo, accountNo) VALUES (61, 25648, 331, 732073478);
INSERT INTO bankInformation (driverID, transitNo, branchNo, accountNo) VALUES (62, 59562, 248, 735031625);
INSERT INTO bankInformation (driverID, transitNo, branchNo, accountNo) VALUES (63, 11956, 862, 726007889);
INSERT INTO bankInformation (driverID, transitNo, branchNo, accountNo) VALUES (64, 91701, 863, 713259972);
INSERT INTO bankInformation (driverID, transitNo, branchNo, accountNo) VALUES (65, 19425, 569, 144805160);
INSERT INTO bankInformation (driverID, transitNo, branchNo, accountNo) VALUES (66, 95468, 596, 499267082);
INSERT INTO bankInformation (driverID, transitNo, branchNo, accountNo) VALUES (67, 14541, 241, 228874284);
INSERT INTO bankInformation (driverID, transitNo, branchNo, accountNo) VALUES (68, 73434, 826, 389035102);
INSERT INTO bankInformation (driverID, transitNo, branchNo, accountNo) VALUES (69, 96990, 355, 627415614);
INSERT INTO bankInformation (driverID, transitNo, branchNo, accountNo) VALUES (70, 76826, 151, 843085293);
INSERT INTO bankInformation (driverID, transitNo, branchNo, accountNo) VALUES (71, 40307, 135, 102382621);
INSERT INTO bankInformation (driverID, transitNo, branchNo, accountNo) VALUES (72, 88849, 689, 845916472);
INSERT INTO bankInformation (driverID, transitNo, branchNo, accountNo) VALUES (73, 25339, 306, 271362942);
INSERT INTO bankInformation (driverID, transitNo, branchNo, accountNo) VALUES (74, 88884, 584, 658267164);
INSERT INTO bankInformation (driverID, transitNo, branchNo, accountNo) VALUES (75, 44687, 817, 516918252);
INSERT INTO bankInformation (driverID, transitNo, branchNo, accountNo) VALUES (76, 90880, 310, 262437783);
INSERT INTO bankInformation (driverID, transitNo, branchNo, accountNo) VALUES (77, 66162, 447, 446735298);
INSERT INTO bankInformation (driverID, transitNo, branchNo, accountNo) VALUES (78, 34916, 567, 649389727);
INSERT INTO bankInformation (driverID, transitNo, branchNo, accountNo) VALUES (79, 11311, 177, 730798287);
INSERT INTO bankInformation (driverID, transitNo, branchNo, accountNo) VALUES (80, 94379, 694, 990070139);
INSERT INTO bankInformation (driverID, transitNo, branchNo, accountNo) VALUES (81, 11438, 518, 400851304);
INSERT INTO bankInformation (driverID, transitNo, branchNo, accountNo) VALUES (82, 61418, 656, 416473775);
INSERT INTO bankInformation (driverID, transitNo, branchNo, accountNo) VALUES (83, 43926, 644, 896954040);
INSERT INTO bankInformation (driverID, transitNo, branchNo, accountNo) VALUES (84, 84501, 893, 752187595);
INSERT INTO bankInformation (driverID, transitNo, branchNo, accountNo) VALUES (85, 28869, 986, 401998917);
INSERT INTO bankInformation (driverID, transitNo, branchNo, accountNo) VALUES (86, 51094, 190, 545039718);
INSERT INTO bankInformation (driverID, transitNo, branchNo, accountNo) VALUES (87, 81207, 727, 311495128);
INSERT INTO bankInformation (driverID, transitNo, branchNo, accountNo) VALUES (88, 98468, 655, 343112841);
INSERT INTO bankInformation (driverID, transitNo, branchNo, accountNo) VALUES (89, 82183, 788, 398933029);
INSERT INTO bankInformation (driverID, transitNo, branchNo, accountNo) VALUES (90, 28528, 493, 777787619);
INSERT INTO bankInformation (driverID, transitNo, branchNo, accountNo) VALUES (91, 73895, 510, 956567189);
INSERT INTO bankInformation (driverID, transitNo, branchNo, accountNo) VALUES (92, 97729, 387, 692542061);
INSERT INTO bankInformation (driverID, transitNo, branchNo, accountNo) VALUES (93, 81877, 548, 287977511);
INSERT INTO bankInformation (driverID, transitNo, branchNo, accountNo) VALUES (94, 51638, 417, 971025976);
INSERT INTO bankInformation (driverID, transitNo, branchNo, accountNo) VALUES (95, 92268, 995, 173418268);
INSERT INTO bankInformation (driverID, transitNo, branchNo, accountNo) VALUES (96, 22774, 467, 747210100);
INSERT INTO bankInformation (driverID, transitNo, branchNo, accountNo) VALUES (97, 10508, 332, 626019580);
INSERT INTO bankInformation (driverID, transitNo, branchNo, accountNo) VALUES (98, 24300, 418, 660943707);
INSERT INTO bankInformation (driverID, transitNo, branchNo, accountNo) VALUES (99, 14430, 271, 296022085);
INSERT INTO bankInformation (driverID, transitNo, branchNo, accountNo) VALUES (100, 70930, 657, 287617152);

        INSERT INTO Truck (driverID, mileage, licencePlateNumber, VIN, makeModelYear, maxTowWeight, insurancePolicyNo, registration)
        VALUES (1, 235790, 'TRK0001', '1HGCM82633A300421', 'MakeModelYear 2021', 12599.85, 326681.00, '2020-11-02');
        
        INSERT INTO Truck (driverID, mileage, licencePlateNumber, VIN, makeModelYear, maxTowWeight, insurancePolicyNo, registration)
        VALUES (2, 269622, 'TRK0002', '1HGCM82633A593419', 'MakeModelYear 2021', 5476.70, 165166.46, '2015-04-16');
        
        INSERT INTO Truck (driverID, mileage, licencePlateNumber, VIN, makeModelYear, maxTowWeight, insurancePolicyNo, registration)
        VALUES (3, 251119, 'TRK0003', '1HGCM82633A275946', 'MakeModelYear 2019', 9460.50, 491040.14, '2020-02-28');
        
        INSERT INTO Truck (driverID, mileage, licencePlateNumber, VIN, makeModelYear, maxTowWeight, insurancePolicyNo, registration)
        VALUES (4, 149293, 'TRK0004', '1HGCM82633A978042', 'MakeModelYear 2011', 12591.97, 436745.69, '2018-06-03');
        
        INSERT INTO Truck (driverID, mileage, licencePlateNumber, VIN, makeModelYear, maxTowWeight, insurancePolicyNo, registration)
        VALUES (5, 139749, 'TRK0005', '1HGCM82633A541910', 'MakeModelYear 2016', 6715.66, 308090.04, '2022-08-21');
        
        INSERT INTO Truck (driverID, mileage, licencePlateNumber, VIN, makeModelYear, maxTowWeight, insurancePolicyNo, registration)
        VALUES (6, 113989, 'TRK0006', '1HGCM82633A446792', 'MakeModelYear 2018', 12411.21, 364516.70, '2019-07-15');
        
        INSERT INTO Truck (driverID, mileage, licencePlateNumber, VIN, makeModelYear, maxTowWeight, insurancePolicyNo, registration)
        VALUES (7, 131349, 'TRK0007', '1HGCM82633A306702', 'MakeModelYear 2023', 13092.15, 213832.75, '2020-09-17');
        
        INSERT INTO Truck (driverID, mileage, licencePlateNumber, VIN, makeModelYear, maxTowWeight, insurancePolicyNo, registration)
        VALUES (8, 153281, 'TRK0008', '1HGCM82633A671791', 'MakeModelYear 2023', 11161.10, 188329.36, '2022-05-30');
        
        INSERT INTO Truck (driverID, mileage, licencePlateNumber, VIN, makeModelYear, maxTowWeight, insurancePolicyNo, registration)
        VALUES (9, 62802, 'TRK0009', '1HGCM82633A960587', 'MakeModelYear 2017', 8773.86, 247131.41, '2020-12-24');
        
        INSERT INTO Truck (driverID, mileage, licencePlateNumber, VIN, makeModelYear, maxTowWeight, insurancePolicyNo, registration)
        VALUES (10, 123519, 'TRK0010', '1HGCM82633A230730', 'MakeModelYear 2015', 10840.82, 286183.67, '2021-09-06');
        
        INSERT INTO Truck (driverID, mileage, licencePlateNumber, VIN, makeModelYear, maxTowWeight, insurancePolicyNo, registration)
        VALUES (11, 271271, 'TRK0011', '1HGCM82633A123812', 'MakeModelYear 2015', 11826.64, 285965.49, '2018-08-13');
        
        INSERT INTO Truck (driverID, mileage, licencePlateNumber, VIN, makeModelYear, maxTowWeight, insurancePolicyNo, registration)
        VALUES (12, 93104, 'TRK0012', '1HGCM82633A543565', 'MakeModelYear 2021', 13562.84, 176098.99, '2022-04-22');
        
        INSERT INTO Truck (driverID, mileage, licencePlateNumber, VIN, makeModelYear, maxTowWeight, insurancePolicyNo, registration)
        VALUES (13, 204352, 'TRK0013', '1HGCM82633A348750', 'MakeModelYear 2022', 12373.69, 185291.84, '2021-10-08');
        
        INSERT INTO Truck (driverID, mileage, licencePlateNumber, VIN, makeModelYear, maxTowWeight, insurancePolicyNo, registration)
        VALUES (14, 137460, 'TRK0014', '1HGCM82633A657080', 'MakeModelYear 2022', 14546.59, 384181.62, '2015-01-15');
        
        INSERT INTO Truck (driverID, mileage, licencePlateNumber, VIN, makeModelYear, maxTowWeight, insurancePolicyNo, registration)
        VALUES (15, 77057, 'TRK0015', '1HGCM82633A437343', 'MakeModelYear 2019', 9296.43, 257452.78, '2017-06-16');
        
        INSERT INTO Truck (driverID, mileage, licencePlateNumber, VIN, makeModelYear, maxTowWeight, insurancePolicyNo, registration)
        VALUES (16, 85837, 'TRK0016', '1HGCM82633A226839', 'MakeModelYear 2014', 14279.28, 213407.73, '2018-04-27');
        
        INSERT INTO Truck (driverID, mileage, licencePlateNumber, VIN, makeModelYear, maxTowWeight, insurancePolicyNo, registration)
        VALUES (17, 136991, 'TRK0017', '1HGCM82633A200582', 'MakeModelYear 2018', 5036.63, 184437.63, '2015-11-25');
        
        INSERT INTO Truck (driverID, mileage, licencePlateNumber, VIN, makeModelYear, maxTowWeight, insurancePolicyNo, registration)
        VALUES (18, 160431, 'TRK0018', '1HGCM82633A784873', 'MakeModelYear 2011', 7922.79, 332091.51, '2021-10-07');
        
        INSERT INTO Truck (driverID, mileage, licencePlateNumber, VIN, makeModelYear, maxTowWeight, insurancePolicyNo, registration)
        VALUES (19, 58789, 'TRK0019', '1HGCM82633A770416', 'MakeModelYear 2014', 7197.64, 425789.27, '2021-03-22');
        
        INSERT INTO Truck (driverID, mileage, licencePlateNumber, VIN, makeModelYear, maxTowWeight, insurancePolicyNo, registration)
        VALUES (20, 149737, 'TRK0020', '1HGCM82633A523423', 'MakeModelYear 2014', 8237.37, 309964.03, '2020-10-23');
        
        INSERT INTO Truck (driverID, mileage, licencePlateNumber, VIN, makeModelYear, maxTowWeight, insurancePolicyNo, registration)
        VALUES (21, 137971, 'TRK0021', '1HGCM82633A917840', 'MakeModelYear 2018', 11938.50, 346930.94, '2019-01-27');
        
        INSERT INTO Truck (driverID, mileage, licencePlateNumber, VIN, makeModelYear, maxTowWeight, insurancePolicyNo, registration)
        VALUES (22, 165458, 'TRK0022', '1HGCM82633A527988', 'MakeModelYear 2015', 8507.72, 134911.81, '2018-01-28');
        
        INSERT INTO Truck (driverID, mileage, licencePlateNumber, VIN, makeModelYear, maxTowWeight, insurancePolicyNo, registration)
        VALUES (23, 122691, 'TRK0023', '1HGCM82633A128052', 'MakeModelYear 2012', 13589.79, 268783.28, '2019-04-18');
        
        INSERT INTO Truck (driverID, mileage, licencePlateNumber, VIN, makeModelYear, maxTowWeight, insurancePolicyNo, registration)
        VALUES (24, 92903, 'TRK0024', '1HGCM82633A890916', 'MakeModelYear 2013', 10002.53, 138144.34, '2022-02-05');
        
        INSERT INTO Truck (driverID, mileage, licencePlateNumber, VIN, makeModelYear, maxTowWeight, insurancePolicyNo, registration)
        VALUES (25, 232070, 'TRK0025', '1HGCM82633A783852', 'MakeModelYear 2019', 9630.91, 222702.38, '2019-03-15');
        
        INSERT INTO Truck (driverID, mileage, licencePlateNumber, VIN, makeModelYear, maxTowWeight, insurancePolicyNo, registration)
        VALUES (26, 108629, 'TRK0026', '1HGCM82633A178747', 'MakeModelYear 2014', 7220.04, 465983.13, '2017-12-01');
        
        INSERT INTO Truck (driverID, mileage, licencePlateNumber, VIN, makeModelYear, maxTowWeight, insurancePolicyNo, registration)
        VALUES (27, 291423, 'TRK0027', '1HGCM82633A120249', 'MakeModelYear 2017', 13855.69, 247576.00, '2021-01-09');
        
        INSERT INTO Truck (driverID, mileage, licencePlateNumber, VIN, makeModelYear, maxTowWeight, insurancePolicyNo, registration)
        VALUES (28, 267784, 'TRK0028', '1HGCM82633A478801', 'MakeModelYear 2019', 8449.38, 308057.88, '2020-04-07');
        
        INSERT INTO Truck (driverID, mileage, licencePlateNumber, VIN, makeModelYear, maxTowWeight, insurancePolicyNo, registration)
        VALUES (29, 61035, 'TRK0029', '1HGCM82633A716478', 'MakeModelYear 2011', 14806.32, 367486.65, '2017-05-05');
        
        INSERT INTO Truck (driverID, mileage, licencePlateNumber, VIN, makeModelYear, maxTowWeight, insurancePolicyNo, registration)
        VALUES (30, 291834, 'TRK0030', '1HGCM82633A262466', 'MakeModelYear 2013', 8140.27, 479083.09, '2019-12-13');
        
        INSERT INTO Truck (driverID, mileage, licencePlateNumber, VIN, makeModelYear, maxTowWeight, insurancePolicyNo, registration)
        VALUES (31, 82682, 'TRK0031', '1HGCM82633A568519', 'MakeModelYear 2013', 6188.71, 346361.54, '2018-03-12');
        
        INSERT INTO Truck (driverID, mileage, licencePlateNumber, VIN, makeModelYear, maxTowWeight, insurancePolicyNo, registration)
        VALUES (32, 274391, 'TRK0032', '1HGCM82633A354020', 'MakeModelYear 2016', 8735.37, 272684.11, '2016-09-28');
        
        INSERT INTO Truck (driverID, mileage, licencePlateNumber, VIN, makeModelYear, maxTowWeight, insurancePolicyNo, registration)
        VALUES (33, 257598, 'TRK0033', '1HGCM82633A240895', 'MakeModelYear 2015', 11346.45, 398358.72, '2022-12-21');
        
        INSERT INTO Truck (driverID, mileage, licencePlateNumber, VIN, makeModelYear, maxTowWeight, insurancePolicyNo, registration)
        VALUES (34, 59860, 'TRK0034', '1HGCM82633A344154', 'MakeModelYear 2023', 14478.23, 298832.89, '2020-04-05');
        
        INSERT INTO Truck (driverID, mileage, licencePlateNumber, VIN, makeModelYear, maxTowWeight, insurancePolicyNo, registration)
        VALUES (35, 56100, 'TRK0035', '1HGCM82633A814484', 'MakeModelYear 2015', 9671.28, 109609.03, '2017-01-26');
        
        INSERT INTO Truck (driverID, mileage, licencePlateNumber, VIN, makeModelYear, maxTowWeight, insurancePolicyNo, registration)
        VALUES (36, 166190, 'TRK0036', '1HGCM82633A522965', 'MakeModelYear 2020', 12781.85, 447412.84, '2019-11-10');
        
        INSERT INTO Truck (driverID, mileage, licencePlateNumber, VIN, makeModelYear, maxTowWeight, insurancePolicyNo, registration)
        VALUES (37, 159998, 'TRK0037', '1HGCM82633A952703', 'MakeModelYear 2022', 14007.33, 376242.70, '2015-08-29');
        
        INSERT INTO Truck (driverID, mileage, licencePlateNumber, VIN, makeModelYear, maxTowWeight, insurancePolicyNo, registration)
        VALUES (38, 291827, 'TRK0038', '1HGCM82633A677349', 'MakeModelYear 2011', 14872.20, 453283.42, '2021-09-05');
        
        INSERT INTO Truck (driverID, mileage, licencePlateNumber, VIN, makeModelYear, maxTowWeight, insurancePolicyNo, registration)
        VALUES (39, 105437, 'TRK0039', '1HGCM82633A939292', 'MakeModelYear 2023', 9369.92, 343186.62, '2022-08-06');
        
        INSERT INTO Truck (driverID, mileage, licencePlateNumber, VIN, makeModelYear, maxTowWeight, insurancePolicyNo, registration)
        VALUES (40, 145948, 'TRK0040', '1HGCM82633A486090', 'MakeModelYear 2013', 14585.54, 398862.93, '2018-03-17');
        
        INSERT INTO Truck (driverID, mileage, licencePlateNumber, VIN, makeModelYear, maxTowWeight, insurancePolicyNo, registration)
        VALUES (41, 195437, 'TRK0041', '1HGCM82633A686515', 'MakeModelYear 2021', 11022.28, 418253.96, '2021-02-28');
        
        INSERT INTO Truck (driverID, mileage, licencePlateNumber, VIN, makeModelYear, maxTowWeight, insurancePolicyNo, registration)
        VALUES (42, 189451, 'TRK0042', '1HGCM82633A775332', 'MakeModelYear 2021', 6188.58, 257364.00, '2016-01-03');
        
        INSERT INTO Truck (driverID, mileage, licencePlateNumber, VIN, makeModelYear, maxTowWeight, insurancePolicyNo, registration)
        VALUES (43, 56389, 'TRK0043', '1HGCM82633A960813', 'MakeModelYear 2016', 10333.89, 289459.69, '2021-08-11');
        
        INSERT INTO Truck (driverID, mileage, licencePlateNumber, VIN, makeModelYear, maxTowWeight, insurancePolicyNo, registration)
        VALUES (44, 279711, 'TRK0044', '1HGCM82633A901125', 'MakeModelYear 2011', 12389.82, 433457.36, '2015-02-27');
        
        INSERT INTO Truck (driverID, mileage, licencePlateNumber, VIN, makeModelYear, maxTowWeight, insurancePolicyNo, registration)
        VALUES (45, 224827, 'TRK0045', '1HGCM82633A713685', 'MakeModelYear 2012', 11939.05, 330858.20, '2018-02-12');
        
        INSERT INTO Truck (driverID, mileage, licencePlateNumber, VIN, makeModelYear, maxTowWeight, insurancePolicyNo, registration)
        VALUES (46, 287038, 'TRK0046', '1HGCM82633A940477', 'MakeModelYear 2020', 7076.45, 314181.91, '2022-06-05');
        
        INSERT INTO Truck (driverID, mileage, licencePlateNumber, VIN, makeModelYear, maxTowWeight, insurancePolicyNo, registration)
        VALUES (47, 132161, 'TRK0047', '1HGCM82633A292820', 'MakeModelYear 2018', 7923.45, 167327.07, '2021-07-27');
        
        INSERT INTO Truck (driverID, mileage, licencePlateNumber, VIN, makeModelYear, maxTowWeight, insurancePolicyNo, registration)
        VALUES (48, 89676, 'TRK0048', '1HGCM82633A241390', 'MakeModelYear 2010', 12138.26, 343562.56, '2020-08-05');
        
        INSERT INTO Truck (driverID, mileage, licencePlateNumber, VIN, makeModelYear, maxTowWeight, insurancePolicyNo, registration)
        VALUES (49, 279688, 'TRK0049', '1HGCM82633A590003', 'MakeModelYear 2016', 10297.39, 385211.90, '2020-09-26');
        
        INSERT INTO Truck (driverID, mileage, licencePlateNumber, VIN, makeModelYear, maxTowWeight, insurancePolicyNo, registration)
        VALUES (50, 159013, 'TRK0050', '1HGCM82633A530790', 'MakeModelYear 2010', 11183.58, 414539.98, '2021-10-03');
        
        INSERT INTO Truck (driverID, mileage, licencePlateNumber, VIN, makeModelYear, maxTowWeight, insurancePolicyNo, registration)
        VALUES (51, 227426, 'TRK0051', '1HGCM82633A589502', 'MakeModelYear 2019', 11990.72, 490819.57, '2019-12-08');
        
        INSERT INTO Truck (driverID, mileage, licencePlateNumber, VIN, makeModelYear, maxTowWeight, insurancePolicyNo, registration)
        VALUES (52, 153062, 'TRK0052', '1HGCM82633A128530', 'MakeModelYear 2019', 8367.17, 304255.68, '2018-04-27');
        
        INSERT INTO Truck (driverID, mileage, licencePlateNumber, VIN, makeModelYear, maxTowWeight, insurancePolicyNo, registration)
        VALUES (53, 278251, 'TRK0053', '1HGCM82633A585113', 'MakeModelYear 2016', 11347.84, 213586.68, '2015-02-06');
        
        INSERT INTO Truck (driverID, mileage, licencePlateNumber, VIN, makeModelYear, maxTowWeight, insurancePolicyNo, registration)
        VALUES (54, 88647, 'TRK0054', '1HGCM82633A494750', 'MakeModelYear 2016', 14327.20, 285547.70, '2019-05-31');
        
        INSERT INTO Truck (driverID, mileage, licencePlateNumber, VIN, makeModelYear, maxTowWeight, insurancePolicyNo, registration)
        VALUES (55, 271218, 'TRK0055', '1HGCM82633A368227', 'MakeModelYear 2022', 7348.54, 198949.62, '2016-05-19');
        
        INSERT INTO Truck (driverID, mileage, licencePlateNumber, VIN, makeModelYear, maxTowWeight, insurancePolicyNo, registration)
        VALUES (56, 127158, 'TRK0056', '1HGCM82633A894324', 'MakeModelYear 2022', 8028.74, 201836.96, '2019-02-13');
        
        INSERT INTO Truck (driverID, mileage, licencePlateNumber, VIN, makeModelYear, maxTowWeight, insurancePolicyNo, registration)
        VALUES (57, 67750, 'TRK0057', '1HGCM82633A972917', 'MakeModelYear 2021', 7115.07, 285171.76, '2018-07-26');
        
        INSERT INTO Truck (driverID, mileage, licencePlateNumber, VIN, makeModelYear, maxTowWeight, insurancePolicyNo, registration)
        VALUES (58, 257394, 'TRK0058', '1HGCM82633A935536', 'MakeModelYear 2020', 10812.86, 257773.91, '2021-05-10');
        
        INSERT INTO Truck (driverID, mileage, licencePlateNumber, VIN, makeModelYear, maxTowWeight, insurancePolicyNo, registration)
        VALUES (59, 106062, 'TRK0059', '1HGCM82633A364976', 'MakeModelYear 2023', 9130.50, 266942.55, '2019-07-20');
        
        INSERT INTO Truck (driverID, mileage, licencePlateNumber, VIN, makeModelYear, maxTowWeight, insurancePolicyNo, registration)
        VALUES (60, 232748, 'TRK0060', '1HGCM82633A133908', 'MakeModelYear 2012', 10877.39, 222871.42, '2021-01-07');
        
        INSERT INTO Truck (driverID, mileage, licencePlateNumber, VIN, makeModelYear, maxTowWeight, insurancePolicyNo, registration)
        VALUES (61, 230673, 'TRK0061', '1HGCM82633A660675', 'MakeModelYear 2011', 6457.95, 118906.03, '2018-05-27');
        
        INSERT INTO Truck (driverID, mileage, licencePlateNumber, VIN, makeModelYear, maxTowWeight, insurancePolicyNo, registration)
        VALUES (62, 287751, 'TRK0062', '1HGCM82633A348477', 'MakeModelYear 2023', 6019.96, 170089.19, '2021-10-24');
        
        INSERT INTO Truck (driverID, mileage, licencePlateNumber, VIN, makeModelYear, maxTowWeight, insurancePolicyNo, registration)
        VALUES (63, 50472, 'TRK0063', '1HGCM82633A224190', 'MakeModelYear 2015', 8376.79, 394426.35, '2015-01-27');
        
        INSERT INTO Truck (driverID, mileage, licencePlateNumber, VIN, makeModelYear, maxTowWeight, insurancePolicyNo, registration)
        VALUES (64, 144958, 'TRK0064', '1HGCM82633A643058', 'MakeModelYear 2018', 5631.08, 457381.21, '2021-10-20');
        
        INSERT INTO Truck (driverID, mileage, licencePlateNumber, VIN, makeModelYear, maxTowWeight, insurancePolicyNo, registration)
        VALUES (65, 167882, 'TRK0065', '1HGCM82633A653592', 'MakeModelYear 2010', 8062.94, 219173.80, '2022-10-31');
        
        INSERT INTO Truck (driverID, mileage, licencePlateNumber, VIN, makeModelYear, maxTowWeight, insurancePolicyNo, registration)
        VALUES (66, 102552, 'TRK0066', '1HGCM82633A664651', 'MakeModelYear 2012', 6127.62, 384122.82, '2019-07-25');
        
        INSERT INTO Truck (driverID, mileage, licencePlateNumber, VIN, makeModelYear, maxTowWeight, insurancePolicyNo, registration)
        VALUES (67, 159444, 'TRK0067', '1HGCM82633A394161', 'MakeModelYear 2021', 11379.81, 147753.88, '2019-10-21');
        
        INSERT INTO Truck (driverID, mileage, licencePlateNumber, VIN, makeModelYear, maxTowWeight, insurancePolicyNo, registration)
        VALUES (68, 195926, 'TRK0068', '1HGCM82633A491262', 'MakeModelYear 2013', 13869.66, 333584.03, '2019-10-31');
        
        INSERT INTO Truck (driverID, mileage, licencePlateNumber, VIN, makeModelYear, maxTowWeight, insurancePolicyNo, registration)
        VALUES (69, 162630, 'TRK0069', '1HGCM82633A837649', 'MakeModelYear 2018', 13287.84, 145868.36, '2021-06-20');
        
        INSERT INTO Truck (driverID, mileage, licencePlateNumber, VIN, makeModelYear, maxTowWeight, insurancePolicyNo, registration)
        VALUES (70, 157829, 'TRK0070', '1HGCM82633A121031', 'MakeModelYear 2013', 6511.13, 371546.66, '2016-02-01');
        
        INSERT INTO Truck (driverID, mileage, licencePlateNumber, VIN, makeModelYear, maxTowWeight, insurancePolicyNo, registration)
        VALUES (71, 98705, 'TRK0071', '1HGCM82633A920446', 'MakeModelYear 2019', 13307.34, 441759.17, '2019-03-19');
        
        INSERT INTO Truck (driverID, mileage, licencePlateNumber, VIN, makeModelYear, maxTowWeight, insurancePolicyNo, registration)
        VALUES (72, 247455, 'TRK0072', '1HGCM82633A764559', 'MakeModelYear 2012', 8486.60, 169967.25, '2021-10-30');
        
        INSERT INTO Truck (driverID, mileage, licencePlateNumber, VIN, makeModelYear, maxTowWeight, insurancePolicyNo, registration)
        VALUES (73, 82796, 'TRK0073', '1HGCM82633A467755', 'MakeModelYear 2016', 5966.90, 432474.82, '2015-01-11');
        
        INSERT INTO Truck (driverID, mileage, licencePlateNumber, VIN, makeModelYear, maxTowWeight, insurancePolicyNo, registration)
        VALUES (74, 194461, 'TRK0074', '1HGCM82633A466360', 'MakeModelYear 2015', 14714.05, 396175.29, '2015-10-04');
        
        INSERT INTO Truck (driverID, mileage, licencePlateNumber, VIN, makeModelYear, maxTowWeight, insurancePolicyNo, registration)
        VALUES (75, 151223, 'TRK0075', '1HGCM82633A668936', 'MakeModelYear 2011', 6323.32, 368531.84, '2017-07-27');
        
        INSERT INTO Truck (driverID, mileage, licencePlateNumber, VIN, makeModelYear, maxTowWeight, insurancePolicyNo, registration)
        VALUES (76, 52626, 'TRK0076', '1HGCM82633A170920', 'MakeModelYear 2012', 11808.35, 367384.91, '2018-02-15');
        
        INSERT INTO Truck (driverID, mileage, licencePlateNumber, VIN, makeModelYear, maxTowWeight, insurancePolicyNo, registration)
        VALUES (77, 92165, 'TRK0077', '1HGCM82633A951130', 'MakeModelYear 2020', 10118.40, 492754.44, '2016-04-14');
        
        INSERT INTO Truck (driverID, mileage, licencePlateNumber, VIN, makeModelYear, maxTowWeight, insurancePolicyNo, registration)
        VALUES (78, 263589, 'TRK0078', '1HGCM82633A484196', 'MakeModelYear 2013', 8956.86, 346556.39, '2021-10-17');
        
        INSERT INTO Truck (driverID, mileage, licencePlateNumber, VIN, makeModelYear, maxTowWeight, insurancePolicyNo, registration)
        VALUES (79, 246668, 'TRK0079', '1HGCM82633A261784', 'MakeModelYear 2014', 8715.06, 239851.15, '2015-02-03');
        
        INSERT INTO Truck (driverID, mileage, licencePlateNumber, VIN, makeModelYear, maxTowWeight, insurancePolicyNo, registration)
        VALUES (80, 289259, 'TRK0080', '1HGCM82633A495577', 'MakeModelYear 2022', 11789.31, 327346.28, '2017-11-25');
        
        INSERT INTO Truck (driverID, mileage, licencePlateNumber, VIN, makeModelYear, maxTowWeight, insurancePolicyNo, registration)
        VALUES (81, 226952, 'TRK0081', '1HGCM82633A846587', 'MakeModelYear 2016', 11879.39, 108749.54, '2020-09-13');
        
        INSERT INTO Truck (driverID, mileage, licencePlateNumber, VIN, makeModelYear, maxTowWeight, insurancePolicyNo, registration)
        VALUES (82, 288086, 'TRK0082', '1HGCM82633A712243', 'MakeModelYear 2022', 6029.70, 426823.72, '2016-04-26');
        
        INSERT INTO Truck (driverID, mileage, licencePlateNumber, VIN, makeModelYear, maxTowWeight, insurancePolicyNo, registration)
        VALUES (83, 144263, 'TRK0083', '1HGCM82633A254307', 'MakeModelYear 2011', 12183.12, 110280.70, '2015-09-13');
        
        INSERT INTO Truck (driverID, mileage, licencePlateNumber, VIN, makeModelYear, maxTowWeight, insurancePolicyNo, registration)
        VALUES (84, 272253, 'TRK0084', '1HGCM82633A842571', 'MakeModelYear 2019', 13110.67, 152908.29, '2018-07-08');
        
        INSERT INTO Truck (driverID, mileage, licencePlateNumber, VIN, makeModelYear, maxTowWeight, insurancePolicyNo, registration)
        VALUES (85, 150368, 'TRK0085', '1HGCM82633A535073', 'MakeModelYear 2020', 5127.40, 309999.67, '2021-07-07');
        
        INSERT INTO Truck (driverID, mileage, licencePlateNumber, VIN, makeModelYear, maxTowWeight, insurancePolicyNo, registration)
        VALUES (86, 60662, 'TRK0086', '1HGCM82633A198324', 'MakeModelYear 2015', 12011.57, 365463.46, '2021-03-12');
        
        INSERT INTO Truck (driverID, mileage, licencePlateNumber, VIN, makeModelYear, maxTowWeight, insurancePolicyNo, registration)
        VALUES (87, 117538, 'TRK0087', '1HGCM82633A317311', 'MakeModelYear 2017', 6776.69, 176426.57, '2015-04-12');
        
        INSERT INTO Truck (driverID, mileage, licencePlateNumber, VIN, makeModelYear, maxTowWeight, insurancePolicyNo, registration)
        VALUES (88, 178693, 'TRK0088', '1HGCM82633A800327', 'MakeModelYear 2022', 13983.35, 132369.61, '2021-10-26');
        
        INSERT INTO Truck (driverID, mileage, licencePlateNumber, VIN, makeModelYear, maxTowWeight, insurancePolicyNo, registration)
        VALUES (89, 158351, 'TRK0089', '1HGCM82633A666787', 'MakeModelYear 2012', 12272.34, 306552.65, '2020-06-28');
        
        INSERT INTO Truck (driverID, mileage, licencePlateNumber, VIN, makeModelYear, maxTowWeight, insurancePolicyNo, registration)
        VALUES (90, 299117, 'TRK0090', '1HGCM82633A233857', 'MakeModelYear 2011', 9657.48, 439469.07, '2017-02-06');
        
        INSERT INTO Truck (driverID, mileage, licencePlateNumber, VIN, makeModelYear, maxTowWeight, insurancePolicyNo, registration)
        VALUES (91, 72190, 'TRK0091', '1HGCM82633A656990', 'MakeModelYear 2021', 5147.88, 466210.12, '2021-02-17');
        
        INSERT INTO Truck (driverID, mileage, licencePlateNumber, VIN, makeModelYear, maxTowWeight, insurancePolicyNo, registration)
        VALUES (92, 239087, 'TRK0092', '1HGCM82633A858069', 'MakeModelYear 2020', 13673.05, 253208.66, '2022-07-03');
        
        INSERT INTO Truck (driverID, mileage, licencePlateNumber, VIN, makeModelYear, maxTowWeight, insurancePolicyNo, registration)
        VALUES (93, 95718, 'TRK0093', '1HGCM82633A545456', 'MakeModelYear 2011', 13546.94, 382910.63, '2018-01-11');
        
        INSERT INTO Truck (driverID, mileage, licencePlateNumber, VIN, makeModelYear, maxTowWeight, insurancePolicyNo, registration)
        VALUES (94, 209344, 'TRK0094', '1HGCM82633A587265', 'MakeModelYear 2012', 9788.33, 165795.10, '2020-04-14');
        
        INSERT INTO Truck (driverID, mileage, licencePlateNumber, VIN, makeModelYear, maxTowWeight, insurancePolicyNo, registration)
        VALUES (95, 77917, 'TRK0095', '1HGCM82633A109969', 'MakeModelYear 2022', 11156.27, 466959.94, '2021-03-19');
        
        INSERT INTO Truck (driverID, mileage, licencePlateNumber, VIN, makeModelYear, maxTowWeight, insurancePolicyNo, registration)
        VALUES (96, 132190, 'TRK0096', '1HGCM82633A978046', 'MakeModelYear 2010', 14352.13, 267486.07, '2020-12-10');
        
        INSERT INTO Truck (driverID, mileage, licencePlateNumber, VIN, makeModelYear, maxTowWeight, insurancePolicyNo, registration)
        VALUES (97, 63284, 'TRK0097', '1HGCM82633A501303', 'MakeModelYear 2019', 10228.12, 109339.71, '2017-02-27');
        
        INSERT INTO Truck (driverID, mileage, licencePlateNumber, VIN, makeModelYear, maxTowWeight, insurancePolicyNo, registration)
        VALUES (98, 133008, 'TRK0098', '1HGCM82633A491476', 'MakeModelYear 2011', 8602.59, 397336.70, '2022-05-03');
        
        INSERT INTO Truck (driverID, mileage, licencePlateNumber, VIN, makeModelYear, maxTowWeight, insurancePolicyNo, registration)
        VALUES (99, 196101, 'TRK0099', '1HGCM82633A257568', 'MakeModelYear 2010', 8357.21, 264187.51, '2016-10-02');
        
        INSERT INTO Truck (driverID, mileage, licencePlateNumber, VIN, makeModelYear, maxTowWeight, insurancePolicyNo, registration)
        VALUES (100, 272593, 'TRK0100', '1HGCM82633A649386', 'MakeModelYear 2014', 9815.97, 120472.39, '2018-11-28');
        INSERT INTO TruckDamageReport (truckID, damageData, damageDescription) VALUES (1, 'Damage 1', 'Description 1');
INSERT INTO TruckDamageReport (truckID, damageData, damageDescription) VALUES (2, 'Damage 2', 'Description 2');
INSERT INTO TruckDamageReport (truckID, damageData, damageDescription) VALUES (3, 'Damage 3', 'Description 3');
INSERT INTO TruckDamageReport (truckID, damageData, damageDescription) VALUES (4, 'Damage 4', 'Description 4');
INSERT INTO TruckDamageReport (truckID, damageData, damageDescription) VALUES (5, 'Damage 5', 'Description 5');
INSERT INTO TruckDamageReport (truckID, damageData, damageDescription) VALUES (6, 'Damage 6', 'Description 6');
INSERT INTO TruckDamageReport (truckID, damageData, damageDescription) VALUES (7, 'Damage 7', 'Description 7');
INSERT INTO TruckDamageReport (truckID, damageData, damageDescription) VALUES (8, 'Damage 8', 'Description 8');
INSERT INTO TruckDamageReport (truckID, damageData, damageDescription) VALUES (9, 'Damage 9', 'Description 9');
INSERT INTO TruckDamageReport (truckID, damageData, damageDescription) VALUES (10, 'Damage 10', 'Description 10');
INSERT INTO TruckDamageReport (truckID, damageData, damageDescription) VALUES (11, 'Damage 11', 'Description 11');
INSERT INTO TruckDamageReport (truckID, damageData, damageDescription) VALUES (12, 'Damage 12', 'Description 12');
INSERT INTO TruckDamageReport (truckID, damageData, damageDescription) VALUES (13, 'Damage 13', 'Description 13');
INSERT INTO TruckDamageReport (truckID, damageData, damageDescription) VALUES (14, 'Damage 14', 'Description 14');
INSERT INTO TruckDamageReport (truckID, damageData, damageDescription) VALUES (15, 'Damage 15', 'Description 15');
INSERT INTO TruckDamageReport (truckID, damageData, damageDescription) VALUES (16, 'Damage 16', 'Description 16');
INSERT INTO TruckDamageReport (truckID, damageData, damageDescription) VALUES (17, 'Damage 17', 'Description 17');
INSERT INTO TruckDamageReport (truckID, damageData, damageDescription) VALUES (18, 'Damage 18', 'Description 18');
INSERT INTO TruckDamageReport (truckID, damageData, damageDescription) VALUES (19, 'Damage 19', 'Description 19');
INSERT INTO TruckDamageReport (truckID, damageData, damageDescription) VALUES (20, 'Damage 20', 'Description 20');
INSERT INTO TruckDamageReport (truckID, damageData, damageDescription) VALUES (21, 'Damage 21', 'Description 21');
INSERT INTO TruckDamageReport (truckID, damageData, damageDescription) VALUES (22, 'Damage 22', 'Description 22');
INSERT INTO TruckDamageReport (truckID, damageData, damageDescription) VALUES (23, 'Damage 23', 'Description 23');
INSERT INTO TruckDamageReport (truckID, damageData, damageDescription) VALUES (24, 'Damage 24', 'Description 24');
INSERT INTO TruckDamageReport (truckID, damageData, damageDescription) VALUES (25, 'Damage 25', 'Description 25');
INSERT INTO TruckDamageReport (truckID, damageData, damageDescription) VALUES (26, 'Damage 26', 'Description 26');
INSERT INTO TruckDamageReport (truckID, damageData, damageDescription) VALUES (27, 'Damage 27', 'Description 27');
INSERT INTO TruckDamageReport (truckID, damageData, damageDescription) VALUES (28, 'Damage 28', 'Description 28');
INSERT INTO TruckDamageReport (truckID, damageData, damageDescription) VALUES (29, 'Damage 29', 'Description 29');
INSERT INTO TruckDamageReport (truckID, damageData, damageDescription) VALUES (30, 'Damage 30', 'Description 30');
INSERT INTO TruckDamageReport (truckID, damageData, damageDescription) VALUES (31, 'Damage 31', 'Description 31');
INSERT INTO TruckDamageReport (truckID, damageData, damageDescription) VALUES (32, 'Damage 32', 'Description 32');
INSERT INTO TruckDamageReport (truckID, damageData, damageDescription) VALUES (33, 'Damage 33', 'Description 33');
INSERT INTO TruckDamageReport (truckID, damageData, damageDescription) VALUES (34, 'Damage 34', 'Description 34');
INSERT INTO TruckDamageReport (truckID, damageData, damageDescription) VALUES (35, 'Damage 35', 'Description 35');
INSERT INTO TruckDamageReport (truckID, damageData, damageDescription) VALUES (36, 'Damage 36', 'Description 36');
INSERT INTO TruckDamageReport (truckID, damageData, damageDescription) VALUES (37, 'Damage 37', 'Description 37');
INSERT INTO TruckDamageReport (truckID, damageData, damageDescription) VALUES (38, 'Damage 38', 'Description 38');
INSERT INTO TruckDamageReport (truckID, damageData, damageDescription) VALUES (39, 'Damage 39', 'Description 39');
INSERT INTO TruckDamageReport (truckID, damageData, damageDescription) VALUES (40, 'Damage 40', 'Description 40');
INSERT INTO TruckDamageReport (truckID, damageData, damageDescription) VALUES (41, 'Damage 41', 'Description 41');
INSERT INTO TruckDamageReport (truckID, damageData, damageDescription) VALUES (42, 'Damage 42', 'Description 42');
INSERT INTO TruckDamageReport (truckID, damageData, damageDescription) VALUES (43, 'Damage 43', 'Description 43');
INSERT INTO TruckDamageReport (truckID, damageData, damageDescription) VALUES (44, 'Damage 44', 'Description 44');
INSERT INTO TruckDamageReport (truckID, damageData, damageDescription) VALUES (45, 'Damage 45', 'Description 45');
INSERT INTO TruckDamageReport (truckID, damageData, damageDescription) VALUES (46, 'Damage 46', 'Description 46');
INSERT INTO TruckDamageReport (truckID, damageData, damageDescription) VALUES (47, 'Damage 47', 'Description 47');
INSERT INTO TruckDamageReport (truckID, damageData, damageDescription) VALUES (48, 'Damage 48', 'Description 48');
INSERT INTO TruckDamageReport (truckID, damageData, damageDescription) VALUES (49, 'Damage 49', 'Description 49');
INSERT INTO TruckDamageReport (truckID, damageData, damageDescription) VALUES (50, 'Damage 50', 'Description 50');
INSERT INTO TruckDamageReport (truckID, damageData, damageDescription) VALUES (51, 'Damage 51', 'Description 51');
INSERT INTO TruckDamageReport (truckID, damageData, damageDescription) VALUES (52, 'Damage 52', 'Description 52');
INSERT INTO TruckDamageReport (truckID, damageData, damageDescription) VALUES (53, 'Damage 53', 'Description 53');
INSERT INTO TruckDamageReport (truckID, damageData, damageDescription) VALUES (54, 'Damage 54', 'Description 54');
INSERT INTO TruckDamageReport (truckID, damageData, damageDescription) VALUES (55, 'Damage 55', 'Description 55');
INSERT INTO TruckDamageReport (truckID, damageData, damageDescription) VALUES (56, 'Damage 56', 'Description 56');
INSERT INTO TruckDamageReport (truckID, damageData, damageDescription) VALUES (57, 'Damage 57', 'Description 57');
INSERT INTO TruckDamageReport (truckID, damageData, damageDescription) VALUES (58, 'Damage 58', 'Description 58');
INSERT INTO TruckDamageReport (truckID, damageData, damageDescription) VALUES (59, 'Damage 59', 'Description 59');
INSERT INTO TruckDamageReport (truckID, damageData, damageDescription) VALUES (60, 'Damage 60', 'Description 60');
INSERT INTO TruckDamageReport (truckID, damageData, damageDescription) VALUES (61, 'Damage 61', 'Description 61');
INSERT INTO TruckDamageReport (truckID, damageData, damageDescription) VALUES (62, 'Damage 62', 'Description 62');
INSERT INTO TruckDamageReport (truckID, damageData, damageDescription) VALUES (63, 'Damage 63', 'Description 63');
INSERT INTO TruckDamageReport (truckID, damageData, damageDescription) VALUES (64, 'Damage 64', 'Description 64');
INSERT INTO TruckDamageReport (truckID, damageData, damageDescription) VALUES (65, 'Damage 65', 'Description 65');
INSERT INTO TruckDamageReport (truckID, damageData, damageDescription) VALUES (66, 'Damage 66', 'Description 66');
INSERT INTO TruckDamageReport (truckID, damageData, damageDescription) VALUES (67, 'Damage 67', 'Description 67');
INSERT INTO TruckDamageReport (truckID, damageData, damageDescription) VALUES (68, 'Damage 68', 'Description 68');
INSERT INTO TruckDamageReport (truckID, damageData, damageDescription) VALUES (69, 'Damage 69', 'Description 69');
INSERT INTO TruckDamageReport (truckID, damageData, damageDescription) VALUES (70, 'Damage 70', 'Description 70');
INSERT INTO TruckDamageReport (truckID, damageData, damageDescription) VALUES (71, 'Damage 71', 'Description 71');
INSERT INTO TruckDamageReport (truckID, damageData, damageDescription) VALUES (72, 'Damage 72', 'Description 72');
INSERT INTO TruckDamageReport (truckID, damageData, damageDescription) VALUES (73, 'Damage 73', 'Description 73');
INSERT INTO TruckDamageReport (truckID, damageData, damageDescription) VALUES (74, 'Damage 74', 'Description 74');
INSERT INTO TruckDamageReport (truckID, damageData, damageDescription) VALUES (75, 'Damage 75', 'Description 75');
INSERT INTO TruckDamageReport (truckID, damageData, damageDescription) VALUES (76, 'Damage 76', 'Description 76');
INSERT INTO TruckDamageReport (truckID, damageData, damageDescription) VALUES (77, 'Damage 77', 'Description 77');
INSERT INTO TruckDamageReport (truckID, damageData, damageDescription) VALUES (78, 'Damage 78', 'Description 78');
INSERT INTO TruckDamageReport (truckID, damageData, damageDescription) VALUES (79, 'Damage 79', 'Description 79');
INSERT INTO TruckDamageReport (truckID, damageData, damageDescription) VALUES (80, 'Damage 80', 'Description 80');
INSERT INTO TruckDamageReport (truckID, damageData, damageDescription) VALUES (81, 'Damage 81', 'Description 81');
INSERT INTO TruckDamageReport (truckID, damageData, damageDescription) VALUES (82, 'Damage 82', 'Description 82');
INSERT INTO TruckDamageReport (truckID, damageData, damageDescription) VALUES (83, 'Damage 83', 'Description 83');
INSERT INTO TruckDamageReport (truckID, damageData, damageDescription) VALUES (84, 'Damage 84', 'Description 84');
INSERT INTO TruckDamageReport (truckID, damageData, damageDescription) VALUES (85, 'Damage 85', 'Description 85');
INSERT INTO TruckDamageReport (truckID, damageData, damageDescription) VALUES (86, 'Damage 86', 'Description 86');
INSERT INTO TruckDamageReport (truckID, damageData, damageDescription) VALUES (87, 'Damage 87', 'Description 87');
INSERT INTO TruckDamageReport (truckID, damageData, damageDescription) VALUES (88, 'Damage 88', 'Description 88');
INSERT INTO TruckDamageReport (truckID, damageData, damageDescription) VALUES (89, 'Damage 89', 'Description 89');
INSERT INTO TruckDamageReport (truckID, damageData, damageDescription) VALUES (90, 'Damage 90', 'Description 90');
INSERT INTO TruckDamageReport (truckID, damageData, damageDescription) VALUES (91, 'Damage 91', 'Description 91');
INSERT INTO TruckDamageReport (truckID, damageData, damageDescription) VALUES (92, 'Damage 92', 'Description 92');
INSERT INTO TruckDamageReport (truckID, damageData, damageDescription) VALUES (93, 'Damage 93', 'Description 93');
INSERT INTO TruckDamageReport (truckID, damageData, damageDescription) VALUES (94, 'Damage 94', 'Description 94');
INSERT INTO TruckDamageReport (truckID, damageData, damageDescription) VALUES (95, 'Damage 95', 'Description 95');
INSERT INTO TruckDamageReport (truckID, damageData, damageDescription) VALUES (96, 'Damage 96', 'Description 96');
INSERT INTO TruckDamageReport (truckID, damageData, damageDescription) VALUES (97, 'Damage 97', 'Description 97');
INSERT INTO TruckDamageReport (truckID, damageData, damageDescription) VALUES (98, 'Damage 98', 'Description 98');
INSERT INTO TruckDamageReport (truckID, damageData, damageDescription) VALUES (99, 'Damage 99', 'Description 99');
INSERT INTO TruckDamageReport (truckID, damageData, damageDescription) VALUES (100, 'Damage 100', 'Description 100');

        INSERT INTO Supplier (supplierName, contactPerson, contactName, supplierLongitude, supplierLatitude, supplierType, businessHours)
        VALUES ('Supplier 1', 'Contact 1', 'Name 1', 140.668925, -79.800456, 'manufacturer', '9am-5pm');
        
        INSERT INTO Supplier (supplierName, contactPerson, contactName, supplierLongitude, supplierLatitude, supplierType, businessHours)
        VALUES ('Supplier 2', 'Contact 2', 'Name 2', 4.624717, 67.958290, 'manufacturer', '9am-5pm');
        
        INSERT INTO Supplier (supplierName, contactPerson, contactName, supplierLongitude, supplierLatitude, supplierType, businessHours)
        VALUES ('Supplier 3', 'Contact 3', 'Name 3', 159.271982, 7.072832, 'manufacturer', '9am-5pm');
        
        INSERT INTO Supplier (supplierName, contactPerson, contactName, supplierLongitude, supplierLatitude, supplierType, businessHours)
        VALUES ('Supplier 4', 'Contact 4', 'Name 4', -32.596582, 77.415142, 'manufacturer', '9am-5pm');
        
        INSERT INTO Supplier (supplierName, contactPerson, contactName, supplierLongitude, supplierLatitude, supplierType, businessHours)
        VALUES ('Supplier 5', 'Contact 5', 'Name 5', 113.817532, 22.265918, 'manufacturer', '9am-5pm');
        
        INSERT INTO Supplier (supplierName, contactPerson, contactName, supplierLongitude, supplierLatitude, supplierType, businessHours)
        VALUES ('Supplier 6', 'Contact 6', 'Name 6', 34.015550, -50.455576, 'manufacturer', '9am-5pm');
        
        INSERT INTO Supplier (supplierName, contactPerson, contactName, supplierLongitude, supplierLatitude, supplierType, businessHours)
        VALUES ('Supplier 7', 'Contact 7', 'Name 7', 49.321683, 1.057302, 'manufacturer', '9am-5pm');
        
        INSERT INTO Supplier (supplierName, contactPerson, contactName, supplierLongitude, supplierLatitude, supplierType, businessHours)
        VALUES ('Supplier 8', 'Contact 8', 'Name 8', -77.764070, 46.925020, 'manufacturer', '9am-5pm');
        
        INSERT INTO Supplier (supplierName, contactPerson, contactName, supplierLongitude, supplierLatitude, supplierType, businessHours)
        VALUES ('Supplier 9', 'Contact 9', 'Name 9', -35.454014, 42.119617, 'manufacturer', '9am-5pm');
        
        INSERT INTO Supplier (supplierName, contactPerson, contactName, supplierLongitude, supplierLatitude, supplierType, businessHours)
        VALUES ('Supplier 10', 'Contact 10', 'Name 10', -140.446395, 77.485074, 'manufacturer', '9am-5pm');
        
        INSERT INTO Supplier (supplierName, contactPerson, contactName, supplierLongitude, supplierLatitude, supplierType, businessHours)
        VALUES ('Supplier 11', 'Contact 11', 'Name 11', 95.999950, 47.092180, 'manufacturer', '9am-5pm');
        
        INSERT INTO Supplier (supplierName, contactPerson, contactName, supplierLongitude, supplierLatitude, supplierType, businessHours)
        VALUES ('Supplier 12', 'Contact 12', 'Name 12', -142.279150, 6.849652, 'manufacturer', '9am-5pm');
        
        INSERT INTO Supplier (supplierName, contactPerson, contactName, supplierLongitude, supplierLatitude, supplierType, businessHours)
        VALUES ('Supplier 13', 'Contact 13', 'Name 13', -84.038872, 19.014899, 'manufacturer', '9am-5pm');
        
        INSERT INTO Supplier (supplierName, contactPerson, contactName, supplierLongitude, supplierLatitude, supplierType, businessHours)
        VALUES ('Supplier 14', 'Contact 14', 'Name 14', -44.938719, -89.269224, 'manufacturer', '9am-5pm');
        
        INSERT INTO Supplier (supplierName, contactPerson, contactName, supplierLongitude, supplierLatitude, supplierType, businessHours)
        VALUES ('Supplier 15', 'Contact 15', 'Name 15', 177.114962, 56.016377, 'manufacturer', '9am-5pm');
        
        INSERT INTO Supplier (supplierName, contactPerson, contactName, supplierLongitude, supplierLatitude, supplierType, businessHours)
        VALUES ('Supplier 16', 'Contact 16', 'Name 16', 94.502906, 18.597246, 'manufacturer', '9am-5pm');
        
        INSERT INTO Supplier (supplierName, contactPerson, contactName, supplierLongitude, supplierLatitude, supplierType, businessHours)
        VALUES ('Supplier 17', 'Contact 17', 'Name 17', -78.117136, 42.437465, 'manufacturer', '9am-5pm');
        
        INSERT INTO Supplier (supplierName, contactPerson, contactName, supplierLongitude, supplierLatitude, supplierType, businessHours)
        VALUES ('Supplier 18', 'Contact 18', 'Name 18', 178.397748, 39.143266, 'manufacturer', '9am-5pm');
        
        INSERT INTO Supplier (supplierName, contactPerson, contactName, supplierLongitude, supplierLatitude, supplierType, businessHours)
        VALUES ('Supplier 19', 'Contact 19', 'Name 19', -59.888622, -38.568994, 'manufacturer', '9am-5pm');
        
        INSERT INTO Supplier (supplierName, contactPerson, contactName, supplierLongitude, supplierLatitude, supplierType, businessHours)
        VALUES ('Supplier 20', 'Contact 20', 'Name 20', -79.606737, 52.813690, 'manufacturer', '9am-5pm');
        
        INSERT INTO Supplier (supplierName, contactPerson, contactName, supplierLongitude, supplierLatitude, supplierType, businessHours)
        VALUES ('Supplier 21', 'Contact 21', 'Name 21', -136.019179, 53.888800, 'manufacturer', '9am-5pm');
        
        INSERT INTO Supplier (supplierName, contactPerson, contactName, supplierLongitude, supplierLatitude, supplierType, businessHours)
        VALUES ('Supplier 22', 'Contact 22', 'Name 22', 70.486684, 26.995827, 'manufacturer', '9am-5pm');
        
        INSERT INTO Supplier (supplierName, contactPerson, contactName, supplierLongitude, supplierLatitude, supplierType, businessHours)
        VALUES ('Supplier 23', 'Contact 23', 'Name 23', -58.015027, -56.928685, 'manufacturer', '9am-5pm');
        
        INSERT INTO Supplier (supplierName, contactPerson, contactName, supplierLongitude, supplierLatitude, supplierType, businessHours)
        VALUES ('Supplier 24', 'Contact 24', 'Name 24', 113.471715, 35.049668, 'manufacturer', '9am-5pm');
        
        INSERT INTO Supplier (supplierName, contactPerson, contactName, supplierLongitude, supplierLatitude, supplierType, businessHours)
        VALUES ('Supplier 25', 'Contact 25', 'Name 25', 179.130798, -87.433265, 'manufacturer', '9am-5pm');
        
        INSERT INTO Supplier (supplierName, contactPerson, contactName, supplierLongitude, supplierLatitude, supplierType, businessHours)
        VALUES ('Supplier 26', 'Contact 26', 'Name 26', -15.319862, 45.612843, 'manufacturer', '9am-5pm');
        
        INSERT INTO Supplier (supplierName, contactPerson, contactName, supplierLongitude, supplierLatitude, supplierType, businessHours)
        VALUES ('Supplier 27', 'Contact 27', 'Name 27', -45.060485, -85.816107, 'manufacturer', '9am-5pm');
        
        INSERT INTO Supplier (supplierName, contactPerson, contactName, supplierLongitude, supplierLatitude, supplierType, businessHours)
        VALUES ('Supplier 28', 'Contact 28', 'Name 28', -8.836090, 16.591959, 'manufacturer', '9am-5pm');
        
        INSERT INTO Supplier (supplierName, contactPerson, contactName, supplierLongitude, supplierLatitude, supplierType, businessHours)
        VALUES ('Supplier 29', 'Contact 29', 'Name 29', -41.189040, 7.941204, 'manufacturer', '9am-5pm');
        
        INSERT INTO Supplier (supplierName, contactPerson, contactName, supplierLongitude, supplierLatitude, supplierType, businessHours)
        VALUES ('Supplier 30', 'Contact 30', 'Name 30', 107.865437, 79.403371, 'manufacturer', '9am-5pm');
        
        INSERT INTO Supplier (supplierName, contactPerson, contactName, supplierLongitude, supplierLatitude, supplierType, businessHours)
        VALUES ('Supplier 31', 'Contact 31', 'Name 31', 132.145380, 43.383212, 'manufacturer', '9am-5pm');
        
        INSERT INTO Supplier (supplierName, contactPerson, contactName, supplierLongitude, supplierLatitude, supplierType, businessHours)
        VALUES ('Supplier 32', 'Contact 32', 'Name 32', -113.660943, 67.407204, 'manufacturer', '9am-5pm');
        
        INSERT INTO Supplier (supplierName, contactPerson, contactName, supplierLongitude, supplierLatitude, supplierType, businessHours)
        VALUES ('Supplier 33', 'Contact 33', 'Name 33', -53.188342, -8.828943, 'manufacturer', '9am-5pm');
        
        INSERT INTO Supplier (supplierName, contactPerson, contactName, supplierLongitude, supplierLatitude, supplierType, businessHours)
        VALUES ('Supplier 34', 'Contact 34', 'Name 34', 174.450969, -35.098089, 'manufacturer', '9am-5pm');
        
        INSERT INTO Supplier (supplierName, contactPerson, contactName, supplierLongitude, supplierLatitude, supplierType, businessHours)
        VALUES ('Supplier 35', 'Contact 35', 'Name 35', -74.514425, -25.011141, 'manufacturer', '9am-5pm');
        
        INSERT INTO Supplier (supplierName, contactPerson, contactName, supplierLongitude, supplierLatitude, supplierType, businessHours)
        VALUES ('Supplier 36', 'Contact 36', 'Name 36', -42.300014, 54.050459, 'manufacturer', '9am-5pm');
        
        INSERT INTO Supplier (supplierName, contactPerson, contactName, supplierLongitude, supplierLatitude, supplierType, businessHours)
        VALUES ('Supplier 37', 'Contact 37', 'Name 37', 162.070121, -87.659310, 'manufacturer', '9am-5pm');
        
        INSERT INTO Supplier (supplierName, contactPerson, contactName, supplierLongitude, supplierLatitude, supplierType, businessHours)
        VALUES ('Supplier 38', 'Contact 38', 'Name 38', 142.710412, 18.581987, 'manufacturer', '9am-5pm');
        
        INSERT INTO Supplier (supplierName, contactPerson, contactName, supplierLongitude, supplierLatitude, supplierType, businessHours)
        VALUES ('Supplier 39', 'Contact 39', 'Name 39', 151.132729, 82.862158, 'manufacturer', '9am-5pm');
        
        INSERT INTO Supplier (supplierName, contactPerson, contactName, supplierLongitude, supplierLatitude, supplierType, businessHours)
        VALUES ('Supplier 40', 'Contact 40', 'Name 40', 52.350666, 40.410428, 'manufacturer', '9am-5pm');
        
        INSERT INTO Supplier (supplierName, contactPerson, contactName, supplierLongitude, supplierLatitude, supplierType, businessHours)
        VALUES ('Supplier 41', 'Contact 41', 'Name 41', -74.940193, -58.481395, 'manufacturer', '9am-5pm');
        
        INSERT INTO Supplier (supplierName, contactPerson, contactName, supplierLongitude, supplierLatitude, supplierType, businessHours)
        VALUES ('Supplier 42', 'Contact 42', 'Name 42', -82.566264, 57.232899, 'manufacturer', '9am-5pm');
        
        INSERT INTO Supplier (supplierName, contactPerson, contactName, supplierLongitude, supplierLatitude, supplierType, businessHours)
        VALUES ('Supplier 43', 'Contact 43', 'Name 43', -103.532900, 18.072951, 'manufacturer', '9am-5pm');
        
        INSERT INTO Supplier (supplierName, contactPerson, contactName, supplierLongitude, supplierLatitude, supplierType, businessHours)
        VALUES ('Supplier 44', 'Contact 44', 'Name 44', 63.498828, 70.527401, 'manufacturer', '9am-5pm');
        
        INSERT INTO Supplier (supplierName, contactPerson, contactName, supplierLongitude, supplierLatitude, supplierType, businessHours)
        VALUES ('Supplier 45', 'Contact 45', 'Name 45', -165.524623, 75.904147, 'manufacturer', '9am-5pm');
        
        INSERT INTO Supplier (supplierName, contactPerson, contactName, supplierLongitude, supplierLatitude, supplierType, businessHours)
        VALUES ('Supplier 46', 'Contact 46', 'Name 46', -70.339950, 47.523963, 'manufacturer', '9am-5pm');
        
        INSERT INTO Supplier (supplierName, contactPerson, contactName, supplierLongitude, supplierLatitude, supplierType, businessHours)
        VALUES ('Supplier 47', 'Contact 47', 'Name 47', -109.061105, 65.379542, 'manufacturer', '9am-5pm');
        
        INSERT INTO Supplier (supplierName, contactPerson, contactName, supplierLongitude, supplierLatitude, supplierType, businessHours)
        VALUES ('Supplier 48', 'Contact 48', 'Name 48', -115.453149, 67.754694, 'manufacturer', '9am-5pm');
        
        INSERT INTO Supplier (supplierName, contactPerson, contactName, supplierLongitude, supplierLatitude, supplierType, businessHours)
        VALUES ('Supplier 49', 'Contact 49', 'Name 49', -133.860185, 77.995779, 'manufacturer', '9am-5pm');
        
        INSERT INTO Supplier (supplierName, contactPerson, contactName, supplierLongitude, supplierLatitude, supplierType, businessHours)
        VALUES ('Supplier 50', 'Contact 50', 'Name 50', -33.722793, -4.758716, 'manufacturer', '9am-5pm');
        
        INSERT INTO Supplier (supplierName, contactPerson, contactName, supplierLongitude, supplierLatitude, supplierType, businessHours)
        VALUES ('Supplier 51', 'Contact 51', 'Name 51', 121.420818, -54.681943, 'manufacturer', '9am-5pm');
        
        INSERT INTO Supplier (supplierName, contactPerson, contactName, supplierLongitude, supplierLatitude, supplierType, businessHours)
        VALUES ('Supplier 52', 'Contact 52', 'Name 52', 4.249147, -55.462144, 'manufacturer', '9am-5pm');
        
        INSERT INTO Supplier (supplierName, contactPerson, contactName, supplierLongitude, supplierLatitude, supplierType, businessHours)
        VALUES ('Supplier 53', 'Contact 53', 'Name 53', -87.858993, 63.049322, 'manufacturer', '9am-5pm');
        
        INSERT INTO Supplier (supplierName, contactPerson, contactName, supplierLongitude, supplierLatitude, supplierType, businessHours)
        VALUES ('Supplier 54', 'Contact 54', 'Name 54', 4.718246, -8.461115, 'manufacturer', '9am-5pm');
        
        INSERT INTO Supplier (supplierName, contactPerson, contactName, supplierLongitude, supplierLatitude, supplierType, businessHours)
        VALUES ('Supplier 55', 'Contact 55', 'Name 55', 157.514431, -28.427732, 'manufacturer', '9am-5pm');
        
        INSERT INTO Supplier (supplierName, contactPerson, contactName, supplierLongitude, supplierLatitude, supplierType, businessHours)
        VALUES ('Supplier 56', 'Contact 56', 'Name 56', 7.090039, -89.474444, 'manufacturer', '9am-5pm');
        
        INSERT INTO Supplier (supplierName, contactPerson, contactName, supplierLongitude, supplierLatitude, supplierType, businessHours)
        VALUES ('Supplier 57', 'Contact 57', 'Name 57', -111.444609, -62.943021, 'manufacturer', '9am-5pm');
        
        INSERT INTO Supplier (supplierName, contactPerson, contactName, supplierLongitude, supplierLatitude, supplierType, businessHours)
        VALUES ('Supplier 58', 'Contact 58', 'Name 58', -4.015684, 68.864521, 'manufacturer', '9am-5pm');
        
        INSERT INTO Supplier (supplierName, contactPerson, contactName, supplierLongitude, supplierLatitude, supplierType, businessHours)
        VALUES ('Supplier 59', 'Contact 59', 'Name 59', -155.958119, -3.502098, 'manufacturer', '9am-5pm');
        
        INSERT INTO Supplier (supplierName, contactPerson, contactName, supplierLongitude, supplierLatitude, supplierType, businessHours)
        VALUES ('Supplier 60', 'Contact 60', 'Name 60', -18.150579, -36.010886, 'manufacturer', '9am-5pm');
        
        INSERT INTO Supplier (supplierName, contactPerson, contactName, supplierLongitude, supplierLatitude, supplierType, businessHours)
        VALUES ('Supplier 61', 'Contact 61', 'Name 61', 153.537793, -25.587471, 'manufacturer', '9am-5pm');
        
        INSERT INTO Supplier (supplierName, contactPerson, contactName, supplierLongitude, supplierLatitude, supplierType, businessHours)
        VALUES ('Supplier 62', 'Contact 62', 'Name 62', -166.766457, 79.601854, 'manufacturer', '9am-5pm');
        
        INSERT INTO Supplier (supplierName, contactPerson, contactName, supplierLongitude, supplierLatitude, supplierType, businessHours)
        VALUES ('Supplier 63', 'Contact 63', 'Name 63', 158.764953, -71.336496, 'manufacturer', '9am-5pm');
        
        INSERT INTO Supplier (supplierName, contactPerson, contactName, supplierLongitude, supplierLatitude, supplierType, businessHours)
        VALUES ('Supplier 64', 'Contact 64', 'Name 64', 166.896482, -25.348907, 'manufacturer', '9am-5pm');
        
        INSERT INTO Supplier (supplierName, contactPerson, contactName, supplierLongitude, supplierLatitude, supplierType, businessHours)
        VALUES ('Supplier 65', 'Contact 65', 'Name 65', -125.667513, 31.539257, 'manufacturer', '9am-5pm');
        
        INSERT INTO Supplier (supplierName, contactPerson, contactName, supplierLongitude, supplierLatitude, supplierType, businessHours)
        VALUES ('Supplier 66', 'Contact 66', 'Name 66', 73.940866, 43.244565, 'manufacturer', '9am-5pm');
        
        INSERT INTO Supplier (supplierName, contactPerson, contactName, supplierLongitude, supplierLatitude, supplierType, businessHours)
        VALUES ('Supplier 67', 'Contact 67', 'Name 67', 117.748591, -28.249772, 'manufacturer', '9am-5pm');
        
        INSERT INTO Supplier (supplierName, contactPerson, contactName, supplierLongitude, supplierLatitude, supplierType, businessHours)
        VALUES ('Supplier 68', 'Contact 68', 'Name 68', -169.434129, -12.708016, 'manufacturer', '9am-5pm');
        
        INSERT INTO Supplier (supplierName, contactPerson, contactName, supplierLongitude, supplierLatitude, supplierType, businessHours)
        VALUES ('Supplier 69', 'Contact 69', 'Name 69', 97.959219, 61.802670, 'manufacturer', '9am-5pm');
        
        INSERT INTO Supplier (supplierName, contactPerson, contactName, supplierLongitude, supplierLatitude, supplierType, businessHours)
        VALUES ('Supplier 70', 'Contact 70', 'Name 70', 41.601277, -14.029761, 'manufacturer', '9am-5pm');
        
        INSERT INTO Supplier (supplierName, contactPerson, contactName, supplierLongitude, supplierLatitude, supplierType, businessHours)
        VALUES ('Supplier 71', 'Contact 71', 'Name 71', 49.731504, 71.133151, 'manufacturer', '9am-5pm');
        
        INSERT INTO Supplier (supplierName, contactPerson, contactName, supplierLongitude, supplierLatitude, supplierType, businessHours)
        VALUES ('Supplier 72', 'Contact 72', 'Name 72', 54.801876, 4.900160, 'manufacturer', '9am-5pm');
        
        INSERT INTO Supplier (supplierName, contactPerson, contactName, supplierLongitude, supplierLatitude, supplierType, businessHours)
        VALUES ('Supplier 73', 'Contact 73', 'Name 73', -92.043599, -83.935110, 'manufacturer', '9am-5pm');
        
        INSERT INTO Supplier (supplierName, contactPerson, contactName, supplierLongitude, supplierLatitude, supplierType, businessHours)
        VALUES ('Supplier 74', 'Contact 74', 'Name 74', 155.343207, 4.230142, 'manufacturer', '9am-5pm');
        
        INSERT INTO Supplier (supplierName, contactPerson, contactName, supplierLongitude, supplierLatitude, supplierType, businessHours)
        VALUES ('Supplier 75', 'Contact 75', 'Name 75', 44.418731, 37.386683, 'manufacturer', '9am-5pm');
        
        INSERT INTO Supplier (supplierName, contactPerson, contactName, supplierLongitude, supplierLatitude, supplierType, businessHours)
        VALUES ('Supplier 76', 'Contact 76', 'Name 76', -136.291265, 6.098387, 'manufacturer', '9am-5pm');
        
        INSERT INTO Supplier (supplierName, contactPerson, contactName, supplierLongitude, supplierLatitude, supplierType, businessHours)
        VALUES ('Supplier 77', 'Contact 77', 'Name 77', -72.498920, 73.217866, 'manufacturer', '9am-5pm');
        
        INSERT INTO Supplier (supplierName, contactPerson, contactName, supplierLongitude, supplierLatitude, supplierType, businessHours)
        VALUES ('Supplier 78', 'Contact 78', 'Name 78', -75.220112, 22.264064, 'manufacturer', '9am-5pm');
        
        INSERT INTO Supplier (supplierName, contactPerson, contactName, supplierLongitude, supplierLatitude, supplierType, businessHours)
        VALUES ('Supplier 79', 'Contact 79', 'Name 79', 132.610063, -34.865447, 'manufacturer', '9am-5pm');
        
        INSERT INTO Supplier (supplierName, contactPerson, contactName, supplierLongitude, supplierLatitude, supplierType, businessHours)
        VALUES ('Supplier 80', 'Contact 80', 'Name 80', -104.106877, -53.046834, 'manufacturer', '9am-5pm');
        
        INSERT INTO Supplier (supplierName, contactPerson, contactName, supplierLongitude, supplierLatitude, supplierType, businessHours)
        VALUES ('Supplier 81', 'Contact 81', 'Name 81', 9.002553, -34.951283, 'manufacturer', '9am-5pm');
        
        INSERT INTO Supplier (supplierName, contactPerson, contactName, supplierLongitude, supplierLatitude, supplierType, businessHours)
        VALUES ('Supplier 82', 'Contact 82', 'Name 82', 47.189344, -22.973675, 'manufacturer', '9am-5pm');
        
        INSERT INTO Supplier (supplierName, contactPerson, contactName, supplierLongitude, supplierLatitude, supplierType, businessHours)
        VALUES ('Supplier 83', 'Contact 83', 'Name 83', -160.730901, -77.779780, 'manufacturer', '9am-5pm');
        
        INSERT INTO Supplier (supplierName, contactPerson, contactName, supplierLongitude, supplierLatitude, supplierType, businessHours)
        VALUES ('Supplier 84', 'Contact 84', 'Name 84', 7.825146, 22.711592, 'manufacturer', '9am-5pm');
        
        INSERT INTO Supplier (supplierName, contactPerson, contactName, supplierLongitude, supplierLatitude, supplierType, businessHours)
        VALUES ('Supplier 85', 'Contact 85', 'Name 85', 85.985326, 72.188183, 'manufacturer', '9am-5pm');
        
        INSERT INTO Supplier (supplierName, contactPerson, contactName, supplierLongitude, supplierLatitude, supplierType, businessHours)
        VALUES ('Supplier 86', 'Contact 86', 'Name 86', 56.811057, -29.698748, 'manufacturer', '9am-5pm');
        
        INSERT INTO Supplier (supplierName, contactPerson, contactName, supplierLongitude, supplierLatitude, supplierType, businessHours)
        VALUES ('Supplier 87', 'Contact 87', 'Name 87', -17.009010, 21.115067, 'manufacturer', '9am-5pm');
        
        INSERT INTO Supplier (supplierName, contactPerson, contactName, supplierLongitude, supplierLatitude, supplierType, businessHours)
        VALUES ('Supplier 88', 'Contact 88', 'Name 88', -14.655372, -17.479289, 'manufacturer', '9am-5pm');
        
        INSERT INTO Supplier (supplierName, contactPerson, contactName, supplierLongitude, supplierLatitude, supplierType, businessHours)
        VALUES ('Supplier 89', 'Contact 89', 'Name 89', -124.393587, -56.684608, 'manufacturer', '9am-5pm');
        
        INSERT INTO Supplier (supplierName, contactPerson, contactName, supplierLongitude, supplierLatitude, supplierType, businessHours)
        VALUES ('Supplier 90', 'Contact 90', 'Name 90', -152.198787, 29.817186, 'manufacturer', '9am-5pm');
        
        INSERT INTO Supplier (supplierName, contactPerson, contactName, supplierLongitude, supplierLatitude, supplierType, businessHours)
        VALUES ('Supplier 91', 'Contact 91', 'Name 91', -98.862244, 71.726560, 'manufacturer', '9am-5pm');
        
        INSERT INTO Supplier (supplierName, contactPerson, contactName, supplierLongitude, supplierLatitude, supplierType, businessHours)
        VALUES ('Supplier 92', 'Contact 92', 'Name 92', -142.666216, 9.519409, 'manufacturer', '9am-5pm');
        
        INSERT INTO Supplier (supplierName, contactPerson, contactName, supplierLongitude, supplierLatitude, supplierType, businessHours)
        VALUES ('Supplier 93', 'Contact 93', 'Name 93', -85.768202, -23.083796, 'manufacturer', '9am-5pm');
        
        INSERT INTO Supplier (supplierName, contactPerson, contactName, supplierLongitude, supplierLatitude, supplierType, businessHours)
        VALUES ('Supplier 94', 'Contact 94', 'Name 94', -54.716284, 23.685729, 'manufacturer', '9am-5pm');
        
        INSERT INTO Supplier (supplierName, contactPerson, contactName, supplierLongitude, supplierLatitude, supplierType, businessHours)
        VALUES ('Supplier 95', 'Contact 95', 'Name 95', -165.274720, 69.656416, 'manufacturer', '9am-5pm');
        
        INSERT INTO Supplier (supplierName, contactPerson, contactName, supplierLongitude, supplierLatitude, supplierType, businessHours)
        VALUES ('Supplier 96', 'Contact 96', 'Name 96', 102.296692, -50.828082, 'manufacturer', '9am-5pm');
        
        INSERT INTO Supplier (supplierName, contactPerson, contactName, supplierLongitude, supplierLatitude, supplierType, businessHours)
        VALUES ('Supplier 97', 'Contact 97', 'Name 97', 50.031486, 74.917816, 'manufacturer', '9am-5pm');
        
        INSERT INTO Supplier (supplierName, contactPerson, contactName, supplierLongitude, supplierLatitude, supplierType, businessHours)
        VALUES ('Supplier 98', 'Contact 98', 'Name 98', -4.735722, 70.741712, 'manufacturer', '9am-5pm');
        
        INSERT INTO Supplier (supplierName, contactPerson, contactName, supplierLongitude, supplierLatitude, supplierType, businessHours)
        VALUES ('Supplier 99', 'Contact 99', 'Name 99', -48.503516, 54.580175, 'manufacturer', '9am-5pm');
        
        INSERT INTO Supplier (supplierName, contactPerson, contactName, supplierLongitude, supplierLatitude, supplierType, businessHours)
        VALUES ('Supplier 100', 'Contact 100', 'Name 100', 126.784812, 44.090257, 'manufacturer', '9am-5pm');
        
        INSERT INTO Trailer (supplierID, truckID, trailerCapacity, maxLoadWeight, trailerLength, trailerType, licensePlateNumber, VIN, makeModelYear, registration)
        VALUES (1, 1, 1895, 1881, 5.03, 'DRY FRIEGHT', 'TRL0001', 'VIN00000001', 'Model 1', '2015-10-22');
        
        INSERT INTO Trailer (supplierID, truckID, trailerCapacity, maxLoadWeight, trailerLength, trailerType, licensePlateNumber, VIN, makeModelYear, registration)
        VALUES (2, 2, 2608, 3984, 12.76, 'DRY FRIEGHT', 'TRL0002', 'VIN00000002', 'Model 2', '2019-06-23');
        
        INSERT INTO Trailer (supplierID, truckID, trailerCapacity, maxLoadWeight, trailerLength, trailerType, licensePlateNumber, VIN, makeModelYear, registration)
        VALUES (3, 3, 503, 3547, 9.80, 'DRY FRIEGHT', 'TRL0003', 'VIN00000003', 'Model 3', '2020-06-19');
        
        INSERT INTO Trailer (supplierID, truckID, trailerCapacity, maxLoadWeight, trailerLength, trailerType, licensePlateNumber, VIN, makeModelYear, registration)
        VALUES (4, 4, 1990, 1423, 14.98, 'DRY FRIEGHT', 'TRL0004', 'VIN00000004', 'Model 4', '2015-03-07');
        
        INSERT INTO Trailer (supplierID, truckID, trailerCapacity, maxLoadWeight, trailerLength, trailerType, licensePlateNumber, VIN, makeModelYear, registration)
        VALUES (5, 5, 2022, 1383, 7.42, 'DRY FRIEGHT', 'TRL0005', 'VIN00000005', 'Model 5', '2020-03-31');
        
        INSERT INTO Trailer (supplierID, truckID, trailerCapacity, maxLoadWeight, trailerLength, trailerType, licensePlateNumber, VIN, makeModelYear, registration)
        VALUES (6, 6, 1090, 2252, 10.81, 'DRY FRIEGHT', 'TRL0006', 'VIN00000006', 'Model 6', '2021-03-30');
        
        INSERT INTO Trailer (supplierID, truckID, trailerCapacity, maxLoadWeight, trailerLength, trailerType, licensePlateNumber, VIN, makeModelYear, registration)
        VALUES (7, 7, 2969, 4641, 8.84, 'DRY FRIEGHT', 'TRL0007', 'VIN00000007', 'Model 7', '2018-11-28');
        
        INSERT INTO Trailer (supplierID, truckID, trailerCapacity, maxLoadWeight, trailerLength, trailerType, licensePlateNumber, VIN, makeModelYear, registration)
        VALUES (8, 8, 1808, 6142, 6.22, 'DRY FRIEGHT', 'TRL0008', 'VIN00000008', 'Model 8', '2021-02-21');
        
        INSERT INTO Trailer (supplierID, truckID, trailerCapacity, maxLoadWeight, trailerLength, trailerType, licensePlateNumber, VIN, makeModelYear, registration)
        VALUES (9, 9, 2190, 2116, 19.64, 'DRY FRIEGHT', 'TRL0009', 'VIN00000009', 'Model 9', '2019-02-01');
        
        INSERT INTO Trailer (supplierID, truckID, trailerCapacity, maxLoadWeight, trailerLength, trailerType, licensePlateNumber, VIN, makeModelYear, registration)
        VALUES (10, 10, 2896, 4698, 11.84, 'DRY FRIEGHT', 'TRL0010', 'VIN00000010', 'Model 10', '2018-01-08');
        
        INSERT INTO Trailer (supplierID, truckID, trailerCapacity, maxLoadWeight, trailerLength, trailerType, licensePlateNumber, VIN, makeModelYear, registration)
        VALUES (11, 11, 2499, 1068, 11.59, 'DRY FRIEGHT', 'TRL0011', 'VIN00000011', 'Model 11', '2020-12-21');
        
        INSERT INTO Trailer (supplierID, truckID, trailerCapacity, maxLoadWeight, trailerLength, trailerType, licensePlateNumber, VIN, makeModelYear, registration)
        VALUES (12, 12, 2437, 7282, 6.33, 'DRY FRIEGHT', 'TRL0012', 'VIN00000012', 'Model 12', '2021-02-03');
        
        INSERT INTO Trailer (supplierID, truckID, trailerCapacity, maxLoadWeight, trailerLength, trailerType, licensePlateNumber, VIN, makeModelYear, registration)
        VALUES (13, 13, 2004, 1403, 13.05, 'DRY FRIEGHT', 'TRL0013', 'VIN00000013', 'Model 13', '2018-01-19');
        
        INSERT INTO Trailer (supplierID, truckID, trailerCapacity, maxLoadWeight, trailerLength, trailerType, licensePlateNumber, VIN, makeModelYear, registration)
        VALUES (14, 14, 2898, 6806, 9.88, 'DRY FRIEGHT', 'TRL0014', 'VIN00000014', 'Model 14', '2016-08-16');
        
        INSERT INTO Trailer (supplierID, truckID, trailerCapacity, maxLoadWeight, trailerLength, trailerType, licensePlateNumber, VIN, makeModelYear, registration)
        VALUES (15, 15, 1126, 5330, 11.38, 'DRY FRIEGHT', 'TRL0015', 'VIN00000015', 'Model 15', '2017-11-22');
        
        INSERT INTO Trailer (supplierID, truckID, trailerCapacity, maxLoadWeight, trailerLength, trailerType, licensePlateNumber, VIN, makeModelYear, registration)
        VALUES (16, 16, 2402, 3573, 8.27, 'DRY FRIEGHT', 'TRL0016', 'VIN00000016', 'Model 16', '2019-05-19');
        
        INSERT INTO Trailer (supplierID, truckID, trailerCapacity, maxLoadWeight, trailerLength, trailerType, licensePlateNumber, VIN, makeModelYear, registration)
        VALUES (17, 17, 844, 1432, 17.21, 'DRY FRIEGHT', 'TRL0017', 'VIN00000017', 'Model 17', '2019-04-27');
        
        INSERT INTO Trailer (supplierID, truckID, trailerCapacity, maxLoadWeight, trailerLength, trailerType, licensePlateNumber, VIN, makeModelYear, registration)
        VALUES (18, 18, 1684, 6785, 11.71, 'DRY FRIEGHT', 'TRL0018', 'VIN00000018', 'Model 18', '2015-08-16');
        
        INSERT INTO Trailer (supplierID, truckID, trailerCapacity, maxLoadWeight, trailerLength, trailerType, licensePlateNumber, VIN, makeModelYear, registration)
        VALUES (19, 19, 2858, 6962, 11.11, 'DRY FRIEGHT', 'TRL0019', 'VIN00000019', 'Model 19', '2018-04-16');
        
        INSERT INTO Trailer (supplierID, truckID, trailerCapacity, maxLoadWeight, trailerLength, trailerType, licensePlateNumber, VIN, makeModelYear, registration)
        VALUES (20, 20, 1235, 4832, 18.86, 'DRY FRIEGHT', 'TRL0020', 'VIN00000020', 'Model 20', '2016-03-27');
        
        INSERT INTO Trailer (supplierID, truckID, trailerCapacity, maxLoadWeight, trailerLength, trailerType, licensePlateNumber, VIN, makeModelYear, registration)
        VALUES (21, 21, 2779, 2798, 12.92, 'DRY FRIEGHT', 'TRL0021', 'VIN00000021', 'Model 21', '2018-11-03');
        
        INSERT INTO Trailer (supplierID, truckID, trailerCapacity, maxLoadWeight, trailerLength, trailerType, licensePlateNumber, VIN, makeModelYear, registration)
        VALUES (22, 22, 2363, 1708, 8.32, 'DRY FRIEGHT', 'TRL0022', 'VIN00000022', 'Model 22', '2021-12-19');
        
        INSERT INTO Trailer (supplierID, truckID, trailerCapacity, maxLoadWeight, trailerLength, trailerType, licensePlateNumber, VIN, makeModelYear, registration)
        VALUES (23, 23, 1881, 2251, 13.90, 'DRY FRIEGHT', 'TRL0023', 'VIN00000023', 'Model 23', '2016-10-23');
        
        INSERT INTO Trailer (supplierID, truckID, trailerCapacity, maxLoadWeight, trailerLength, trailerType, licensePlateNumber, VIN, makeModelYear, registration)
        VALUES (24, 24, 656, 6377, 17.65, 'DRY FRIEGHT', 'TRL0024', 'VIN00000024', 'Model 24', '2019-08-05');
        
        INSERT INTO Trailer (supplierID, truckID, trailerCapacity, maxLoadWeight, trailerLength, trailerType, licensePlateNumber, VIN, makeModelYear, registration)
        VALUES (25, 25, 619, 5264, 15.25, 'DRY FRIEGHT', 'TRL0025', 'VIN00000025', 'Model 25', '2018-02-17');
        
        INSERT INTO Trailer (supplierID, truckID, trailerCapacity, maxLoadWeight, trailerLength, trailerType, licensePlateNumber, VIN, makeModelYear, registration)
        VALUES (26, 26, 2059, 6831, 19.87, 'DRY FRIEGHT', 'TRL0026', 'VIN00000026', 'Model 26', '2022-07-08');
        
        INSERT INTO Trailer (supplierID, truckID, trailerCapacity, maxLoadWeight, trailerLength, trailerType, licensePlateNumber, VIN, makeModelYear, registration)
        VALUES (27, 27, 860, 4784, 11.95, 'DRY FRIEGHT', 'TRL0027', 'VIN00000027', 'Model 27', '2017-12-28');
        
        INSERT INTO Trailer (supplierID, truckID, trailerCapacity, maxLoadWeight, trailerLength, trailerType, licensePlateNumber, VIN, makeModelYear, registration)
        VALUES (28, 28, 2837, 3406, 10.41, 'DRY FRIEGHT', 'TRL0028', 'VIN00000028', 'Model 28', '2020-09-03');
        
        INSERT INTO Trailer (supplierID, truckID, trailerCapacity, maxLoadWeight, trailerLength, trailerType, licensePlateNumber, VIN, makeModelYear, registration)
        VALUES (29, 29, 2377, 1496, 19.20, 'DRY FRIEGHT', 'TRL0029', 'VIN00000029', 'Model 29', '2016-11-08');
        
        INSERT INTO Trailer (supplierID, truckID, trailerCapacity, maxLoadWeight, trailerLength, trailerType, licensePlateNumber, VIN, makeModelYear, registration)
        VALUES (30, 30, 1079, 7169, 11.18, 'DRY FRIEGHT', 'TRL0030', 'VIN00000030', 'Model 30', '2016-06-18');
        
        INSERT INTO Trailer (supplierID, truckID, trailerCapacity, maxLoadWeight, trailerLength, trailerType, licensePlateNumber, VIN, makeModelYear, registration)
        VALUES (31, 31, 2654, 2283, 15.42, 'DRY FRIEGHT', 'TRL0031', 'VIN00000031', 'Model 31', '2021-08-16');
        
        INSERT INTO Trailer (supplierID, truckID, trailerCapacity, maxLoadWeight, trailerLength, trailerType, licensePlateNumber, VIN, makeModelYear, registration)
        VALUES (32, 32, 2921, 4579, 14.57, 'DRY FRIEGHT', 'TRL0032', 'VIN00000032', 'Model 32', '2016-04-23');
        
        INSERT INTO Trailer (supplierID, truckID, trailerCapacity, maxLoadWeight, trailerLength, trailerType, licensePlateNumber, VIN, makeModelYear, registration)
        VALUES (33, 33, 2067, 7527, 11.47, 'DRY FRIEGHT', 'TRL0033', 'VIN00000033', 'Model 33', '2018-09-08');
        
        INSERT INTO Trailer (supplierID, truckID, trailerCapacity, maxLoadWeight, trailerLength, trailerType, licensePlateNumber, VIN, makeModelYear, registration)
        VALUES (34, 34, 1105, 2302, 17.21, 'DRY FRIEGHT', 'TRL0034', 'VIN00000034', 'Model 34', '2017-06-02');
        
        INSERT INTO Trailer (supplierID, truckID, trailerCapacity, maxLoadWeight, trailerLength, trailerType, licensePlateNumber, VIN, makeModelYear, registration)
        VALUES (35, 35, 1150, 5245, 14.76, 'DRY FRIEGHT', 'TRL0035', 'VIN00000035', 'Model 35', '2020-09-21');
        
        INSERT INTO Trailer (supplierID, truckID, trailerCapacity, maxLoadWeight, trailerLength, trailerType, licensePlateNumber, VIN, makeModelYear, registration)
        VALUES (36, 36, 2162, 1785, 12.25, 'DRY FRIEGHT', 'TRL0036', 'VIN00000036', 'Model 36', '2017-03-20');
        
        INSERT INTO Trailer (supplierID, truckID, trailerCapacity, maxLoadWeight, trailerLength, trailerType, licensePlateNumber, VIN, makeModelYear, registration)
        VALUES (37, 37, 2535, 7979, 19.80, 'DRY FRIEGHT', 'TRL0037', 'VIN00000037', 'Model 37', '2020-04-04');
        
        INSERT INTO Trailer (supplierID, truckID, trailerCapacity, maxLoadWeight, trailerLength, trailerType, licensePlateNumber, VIN, makeModelYear, registration)
        VALUES (38, 38, 1082, 3844, 10.94, 'DRY FRIEGHT', 'TRL0038', 'VIN00000038', 'Model 38', '2017-10-25');
        
        INSERT INTO Trailer (supplierID, truckID, trailerCapacity, maxLoadWeight, trailerLength, trailerType, licensePlateNumber, VIN, makeModelYear, registration)
        VALUES (39, 39, 766, 4568, 6.75, 'DRY FRIEGHT', 'TRL0039', 'VIN00000039', 'Model 39', '2017-04-27');
        
        INSERT INTO Trailer (supplierID, truckID, trailerCapacity, maxLoadWeight, trailerLength, trailerType, licensePlateNumber, VIN, makeModelYear, registration)
        VALUES (40, 40, 1393, 6931, 9.19, 'DRY FRIEGHT', 'TRL0040', 'VIN00000040', 'Model 40', '2016-05-04');
        
        INSERT INTO Trailer (supplierID, truckID, trailerCapacity, maxLoadWeight, trailerLength, trailerType, licensePlateNumber, VIN, makeModelYear, registration)
        VALUES (41, 41, 1647, 3761, 13.45, 'DRY FRIEGHT', 'TRL0041', 'VIN00000041', 'Model 41', '2020-04-08');
        
        INSERT INTO Trailer (supplierID, truckID, trailerCapacity, maxLoadWeight, trailerLength, trailerType, licensePlateNumber, VIN, makeModelYear, registration)
        VALUES (42, 42, 2531, 6614, 6.21, 'DRY FRIEGHT', 'TRL0042', 'VIN00000042', 'Model 42', '2018-10-12');
        
        INSERT INTO Trailer (supplierID, truckID, trailerCapacity, maxLoadWeight, trailerLength, trailerType, licensePlateNumber, VIN, makeModelYear, registration)
        VALUES (43, 43, 2812, 1505, 6.63, 'DRY FRIEGHT', 'TRL0043', 'VIN00000043', 'Model 43', '2018-07-22');
        
        INSERT INTO Trailer (supplierID, truckID, trailerCapacity, maxLoadWeight, trailerLength, trailerType, licensePlateNumber, VIN, makeModelYear, registration)
        VALUES (44, 44, 1366, 4663, 9.44, 'DRY FRIEGHT', 'TRL0044', 'VIN00000044', 'Model 44', '2018-09-15');
        
        INSERT INTO Trailer (supplierID, truckID, trailerCapacity, maxLoadWeight, trailerLength, trailerType, licensePlateNumber, VIN, makeModelYear, registration)
        VALUES (45, 45, 1602, 7558, 9.33, 'DRY FRIEGHT', 'TRL0045', 'VIN00000045', 'Model 45', '2017-04-24');
        
        INSERT INTO Trailer (supplierID, truckID, trailerCapacity, maxLoadWeight, trailerLength, trailerType, licensePlateNumber, VIN, makeModelYear, registration)
        VALUES (46, 46, 611, 1080, 11.71, 'DRY FRIEGHT', 'TRL0046', 'VIN00000046', 'Model 46', '2018-07-05');
        
        INSERT INTO Trailer (supplierID, truckID, trailerCapacity, maxLoadWeight, trailerLength, trailerType, licensePlateNumber, VIN, makeModelYear, registration)
        VALUES (47, 47, 1097, 7672, 14.28, 'DRY FRIEGHT', 'TRL0047', 'VIN00000047', 'Model 47', '2019-05-19');
        
        INSERT INTO Trailer (supplierID, truckID, trailerCapacity, maxLoadWeight, trailerLength, trailerType, licensePlateNumber, VIN, makeModelYear, registration)
        VALUES (48, 48, 2218, 1586, 16.40, 'DRY FRIEGHT', 'TRL0048', 'VIN00000048', 'Model 48', '2015-06-05');
        
        INSERT INTO Trailer (supplierID, truckID, trailerCapacity, maxLoadWeight, trailerLength, trailerType, licensePlateNumber, VIN, makeModelYear, registration)
        VALUES (49, 49, 2673, 1519, 14.47, 'DRY FRIEGHT', 'TRL0049', 'VIN00000049', 'Model 49', '2022-12-31');
        
        INSERT INTO Trailer (supplierID, truckID, trailerCapacity, maxLoadWeight, trailerLength, trailerType, licensePlateNumber, VIN, makeModelYear, registration)
        VALUES (50, 50, 2909, 2711, 5.36, 'DRY FRIEGHT', 'TRL0050', 'VIN00000050', 'Model 50', '2019-03-23');
        
        INSERT INTO Trailer (supplierID, truckID, trailerCapacity, maxLoadWeight, trailerLength, trailerType, licensePlateNumber, VIN, makeModelYear, registration)
        VALUES (51, 51, 505, 4161, 17.84, 'DRY FRIEGHT', 'TRL0051', 'VIN00000051', 'Model 51', '2018-03-30');
        
        INSERT INTO Trailer (supplierID, truckID, trailerCapacity, maxLoadWeight, trailerLength, trailerType, licensePlateNumber, VIN, makeModelYear, registration)
        VALUES (52, 52, 761, 2440, 19.48, 'DRY FRIEGHT', 'TRL0052', 'VIN00000052', 'Model 52', '2017-07-17');
        
        INSERT INTO Trailer (supplierID, truckID, trailerCapacity, maxLoadWeight, trailerLength, trailerType, licensePlateNumber, VIN, makeModelYear, registration)
        VALUES (53, 53, 1000, 2606, 13.45, 'DRY FRIEGHT', 'TRL0053', 'VIN00000053', 'Model 53', '2021-01-15');
        
        INSERT INTO Trailer (supplierID, truckID, trailerCapacity, maxLoadWeight, trailerLength, trailerType, licensePlateNumber, VIN, makeModelYear, registration)
        VALUES (54, 54, 796, 1610, 11.60, 'DRY FRIEGHT', 'TRL0054', 'VIN00000054', 'Model 54', '2022-03-29');
        
        INSERT INTO Trailer (supplierID, truckID, trailerCapacity, maxLoadWeight, trailerLength, trailerType, licensePlateNumber, VIN, makeModelYear, registration)
        VALUES (55, 55, 1652, 4623, 9.00, 'DRY FRIEGHT', 'TRL0055', 'VIN00000055', 'Model 55', '2017-04-16');
        
        INSERT INTO Trailer (supplierID, truckID, trailerCapacity, maxLoadWeight, trailerLength, trailerType, licensePlateNumber, VIN, makeModelYear, registration)
        VALUES (56, 56, 1377, 7826, 18.79, 'DRY FRIEGHT', 'TRL0056', 'VIN00000056', 'Model 56', '2018-05-01');
        
        INSERT INTO Trailer (supplierID, truckID, trailerCapacity, maxLoadWeight, trailerLength, trailerType, licensePlateNumber, VIN, makeModelYear, registration)
        VALUES (57, 57, 2136, 7796, 16.08, 'DRY FRIEGHT', 'TRL0057', 'VIN00000057', 'Model 57', '2019-08-02');
        
        INSERT INTO Trailer (supplierID, truckID, trailerCapacity, maxLoadWeight, trailerLength, trailerType, licensePlateNumber, VIN, makeModelYear, registration)
        VALUES (58, 58, 2192, 7535, 9.26, 'DRY FRIEGHT', 'TRL0058', 'VIN00000058', 'Model 58', '2016-04-21');
        
        INSERT INTO Trailer (supplierID, truckID, trailerCapacity, maxLoadWeight, trailerLength, trailerType, licensePlateNumber, VIN, makeModelYear, registration)
        VALUES (59, 59, 2178, 5631, 6.47, 'DRY FRIEGHT', 'TRL0059', 'VIN00000059', 'Model 59', '2022-08-18');
        
        INSERT INTO Trailer (supplierID, truckID, trailerCapacity, maxLoadWeight, trailerLength, trailerType, licensePlateNumber, VIN, makeModelYear, registration)
        VALUES (60, 60, 2167, 6036, 18.22, 'DRY FRIEGHT', 'TRL0060', 'VIN00000060', 'Model 60', '2016-08-05');
        
        INSERT INTO Trailer (supplierID, truckID, trailerCapacity, maxLoadWeight, trailerLength, trailerType, licensePlateNumber, VIN, makeModelYear, registration)
        VALUES (61, 61, 1107, 4252, 7.53, 'DRY FRIEGHT', 'TRL0061', 'VIN00000061', 'Model 61', '2020-09-03');
        
        INSERT INTO Trailer (supplierID, truckID, trailerCapacity, maxLoadWeight, trailerLength, trailerType, licensePlateNumber, VIN, makeModelYear, registration)
        VALUES (62, 62, 782, 3270, 14.60, 'DRY FRIEGHT', 'TRL0062', 'VIN00000062', 'Model 62', '2015-05-21');
        
        INSERT INTO Trailer (supplierID, truckID, trailerCapacity, maxLoadWeight, trailerLength, trailerType, licensePlateNumber, VIN, makeModelYear, registration)
        VALUES (63, 63, 2729, 6156, 6.51, 'DRY FRIEGHT', 'TRL0063', 'VIN00000063', 'Model 63', '2022-09-26');
        
        INSERT INTO Trailer (supplierID, truckID, trailerCapacity, maxLoadWeight, trailerLength, trailerType, licensePlateNumber, VIN, makeModelYear, registration)
        VALUES (64, 64, 1823, 2749, 17.62, 'DRY FRIEGHT', 'TRL0064', 'VIN00000064', 'Model 64', '2022-12-15');
        
        INSERT INTO Trailer (supplierID, truckID, trailerCapacity, maxLoadWeight, trailerLength, trailerType, licensePlateNumber, VIN, makeModelYear, registration)
        VALUES (65, 65, 1248, 2669, 11.72, 'DRY FRIEGHT', 'TRL0065', 'VIN00000065', 'Model 65', '2021-04-04');
        
        INSERT INTO Trailer (supplierID, truckID, trailerCapacity, maxLoadWeight, trailerLength, trailerType, licensePlateNumber, VIN, makeModelYear, registration)
        VALUES (66, 66, 2465, 7607, 9.57, 'DRY FRIEGHT', 'TRL0066', 'VIN00000066', 'Model 66', '2016-12-15');
        
        INSERT INTO Trailer (supplierID, truckID, trailerCapacity, maxLoadWeight, trailerLength, trailerType, licensePlateNumber, VIN, makeModelYear, registration)
        VALUES (67, 67, 1737, 6402, 13.45, 'DRY FRIEGHT', 'TRL0067', 'VIN00000067', 'Model 67', '2022-01-05');
        
        INSERT INTO Trailer (supplierID, truckID, trailerCapacity, maxLoadWeight, trailerLength, trailerType, licensePlateNumber, VIN, makeModelYear, registration)
        VALUES (68, 68, 1903, 1915, 16.82, 'DRY FRIEGHT', 'TRL0068', 'VIN00000068', 'Model 68', '2022-03-11');
        
        INSERT INTO Trailer (supplierID, truckID, trailerCapacity, maxLoadWeight, trailerLength, trailerType, licensePlateNumber, VIN, makeModelYear, registration)
        VALUES (69, 69, 650, 5835, 18.79, 'DRY FRIEGHT', 'TRL0069', 'VIN00000069', 'Model 69', '2020-03-03');
        
        INSERT INTO Trailer (supplierID, truckID, trailerCapacity, maxLoadWeight, trailerLength, trailerType, licensePlateNumber, VIN, makeModelYear, registration)
        VALUES (70, 70, 2583, 3984, 7.05, 'DRY FRIEGHT', 'TRL0070', 'VIN00000070', 'Model 70', '2017-02-02');
        
        INSERT INTO Trailer (supplierID, truckID, trailerCapacity, maxLoadWeight, trailerLength, trailerType, licensePlateNumber, VIN, makeModelYear, registration)
        VALUES (71, 71, 615, 2215, 15.81, 'DRY FRIEGHT', 'TRL0071', 'VIN00000071', 'Model 71', '2020-09-05');
        
        INSERT INTO Trailer (supplierID, truckID, trailerCapacity, maxLoadWeight, trailerLength, trailerType, licensePlateNumber, VIN, makeModelYear, registration)
        VALUES (72, 72, 669, 4965, 11.33, 'DRY FRIEGHT', 'TRL0072', 'VIN00000072', 'Model 72', '2016-07-05');
        
        INSERT INTO Trailer (supplierID, truckID, trailerCapacity, maxLoadWeight, trailerLength, trailerType, licensePlateNumber, VIN, makeModelYear, registration)
        VALUES (73, 73, 1838, 3737, 14.99, 'DRY FRIEGHT', 'TRL0073', 'VIN00000073', 'Model 73', '2019-08-23');
        
        INSERT INTO Trailer (supplierID, truckID, trailerCapacity, maxLoadWeight, trailerLength, trailerType, licensePlateNumber, VIN, makeModelYear, registration)
        VALUES (74, 74, 2910, 5545, 5.30, 'DRY FRIEGHT', 'TRL0074', 'VIN00000074', 'Model 74', '2018-10-20');
        
        INSERT INTO Trailer (supplierID, truckID, trailerCapacity, maxLoadWeight, trailerLength, trailerType, licensePlateNumber, VIN, makeModelYear, registration)
        VALUES (75, 75, 2545, 6264, 16.81, 'DRY FRIEGHT', 'TRL0075', 'VIN00000075', 'Model 75', '2016-08-03');
        
        INSERT INTO Trailer (supplierID, truckID, trailerCapacity, maxLoadWeight, trailerLength, trailerType, licensePlateNumber, VIN, makeModelYear, registration)
        VALUES (76, 76, 1245, 5584, 13.33, 'DRY FRIEGHT', 'TRL0076', 'VIN00000076', 'Model 76', '2017-09-15');
        
        INSERT INTO Trailer (supplierID, truckID, trailerCapacity, maxLoadWeight, trailerLength, trailerType, licensePlateNumber, VIN, makeModelYear, registration)
        VALUES (77, 77, 2363, 2526, 5.72, 'DRY FRIEGHT', 'TRL0077', 'VIN00000077', 'Model 77', '2015-06-23');
        
        INSERT INTO Trailer (supplierID, truckID, trailerCapacity, maxLoadWeight, trailerLength, trailerType, licensePlateNumber, VIN, makeModelYear, registration)
        VALUES (78, 78, 2623, 6698, 8.22, 'DRY FRIEGHT', 'TRL0078', 'VIN00000078', 'Model 78', '2020-06-21');
        
        INSERT INTO Trailer (supplierID, truckID, trailerCapacity, maxLoadWeight, trailerLength, trailerType, licensePlateNumber, VIN, makeModelYear, registration)
        VALUES (79, 79, 1571, 4448, 7.76, 'DRY FRIEGHT', 'TRL0079', 'VIN00000079', 'Model 79', '2022-03-30');
        
        INSERT INTO Trailer (supplierID, truckID, trailerCapacity, maxLoadWeight, trailerLength, trailerType, licensePlateNumber, VIN, makeModelYear, registration)
        VALUES (80, 80, 2570, 7850, 16.07, 'DRY FRIEGHT', 'TRL0080', 'VIN00000080', 'Model 80', '2016-06-26');
        
        INSERT INTO Trailer (supplierID, truckID, trailerCapacity, maxLoadWeight, trailerLength, trailerType, licensePlateNumber, VIN, makeModelYear, registration)
        VALUES (81, 81, 1256, 5292, 11.67, 'DRY FRIEGHT', 'TRL0081', 'VIN00000081', 'Model 81', '2020-11-30');
        
        INSERT INTO Trailer (supplierID, truckID, trailerCapacity, maxLoadWeight, trailerLength, trailerType, licensePlateNumber, VIN, makeModelYear, registration)
        VALUES (82, 82, 1214, 4862, 14.62, 'DRY FRIEGHT', 'TRL0082', 'VIN00000082', 'Model 82', '2022-07-14');
        
        INSERT INTO Trailer (supplierID, truckID, trailerCapacity, maxLoadWeight, trailerLength, trailerType, licensePlateNumber, VIN, makeModelYear, registration)
        VALUES (83, 83, 1010, 5280, 5.22, 'DRY FRIEGHT', 'TRL0083', 'VIN00000083', 'Model 83', '2021-01-20');
        
        INSERT INTO Trailer (supplierID, truckID, trailerCapacity, maxLoadWeight, trailerLength, trailerType, licensePlateNumber, VIN, makeModelYear, registration)
        VALUES (84, 84, 637, 2844, 7.30, 'DRY FRIEGHT', 'TRL0084', 'VIN00000084', 'Model 84', '2018-06-16');
        
        INSERT INTO Trailer (supplierID, truckID, trailerCapacity, maxLoadWeight, trailerLength, trailerType, licensePlateNumber, VIN, makeModelYear, registration)
        VALUES (85, 85, 1050, 5000, 7.99, 'DRY FRIEGHT', 'TRL0085', 'VIN00000085', 'Model 85', '2015-11-04');
        
        INSERT INTO Trailer (supplierID, truckID, trailerCapacity, maxLoadWeight, trailerLength, trailerType, licensePlateNumber, VIN, makeModelYear, registration)
        VALUES (86, 86, 2916, 3251, 16.38, 'DRY FRIEGHT', 'TRL0086', 'VIN00000086', 'Model 86', '2020-01-30');
        
        INSERT INTO Trailer (supplierID, truckID, trailerCapacity, maxLoadWeight, trailerLength, trailerType, licensePlateNumber, VIN, makeModelYear, registration)
        VALUES (87, 87, 603, 1281, 19.99, 'DRY FRIEGHT', 'TRL0087', 'VIN00000087', 'Model 87', '2018-09-12');
        
        INSERT INTO Trailer (supplierID, truckID, trailerCapacity, maxLoadWeight, trailerLength, trailerType, licensePlateNumber, VIN, makeModelYear, registration)
        VALUES (88, 88, 2499, 2152, 16.59, 'DRY FRIEGHT', 'TRL0088', 'VIN00000088', 'Model 88', '2019-10-09');
        
        INSERT INTO Trailer (supplierID, truckID, trailerCapacity, maxLoadWeight, trailerLength, trailerType, licensePlateNumber, VIN, makeModelYear, registration)
        VALUES (89, 89, 2984, 3692, 9.71, 'DRY FRIEGHT', 'TRL0089', 'VIN00000089', 'Model 89', '2019-11-13');
        
        INSERT INTO Trailer (supplierID, truckID, trailerCapacity, maxLoadWeight, trailerLength, trailerType, licensePlateNumber, VIN, makeModelYear, registration)
        VALUES (90, 90, 2855, 4022, 13.67, 'DRY FRIEGHT', 'TRL0090', 'VIN00000090', 'Model 90', '2020-05-13');
        
        INSERT INTO Trailer (supplierID, truckID, trailerCapacity, maxLoadWeight, trailerLength, trailerType, licensePlateNumber, VIN, makeModelYear, registration)
        VALUES (91, 91, 2959, 6315, 7.88, 'DRY FRIEGHT', 'TRL0091', 'VIN00000091', 'Model 91', '2017-09-03');
        
        INSERT INTO Trailer (supplierID, truckID, trailerCapacity, maxLoadWeight, trailerLength, trailerType, licensePlateNumber, VIN, makeModelYear, registration)
        VALUES (92, 92, 2871, 7335, 7.93, 'DRY FRIEGHT', 'TRL0092', 'VIN00000092', 'Model 92', '2018-04-14');
        
        INSERT INTO Trailer (supplierID, truckID, trailerCapacity, maxLoadWeight, trailerLength, trailerType, licensePlateNumber, VIN, makeModelYear, registration)
        VALUES (93, 93, 2679, 2815, 13.87, 'DRY FRIEGHT', 'TRL0093', 'VIN00000093', 'Model 93', '2021-10-20');
        
        INSERT INTO Trailer (supplierID, truckID, trailerCapacity, maxLoadWeight, trailerLength, trailerType, licensePlateNumber, VIN, makeModelYear, registration)
        VALUES (94, 94, 2555, 3522, 7.26, 'DRY FRIEGHT', 'TRL0094', 'VIN00000094', 'Model 94', '2019-04-06');
        
        INSERT INTO Trailer (supplierID, truckID, trailerCapacity, maxLoadWeight, trailerLength, trailerType, licensePlateNumber, VIN, makeModelYear, registration)
        VALUES (95, 95, 1364, 7688, 9.70, 'DRY FRIEGHT', 'TRL0095', 'VIN00000095', 'Model 95', '2016-11-11');
        
        INSERT INTO Trailer (supplierID, truckID, trailerCapacity, maxLoadWeight, trailerLength, trailerType, licensePlateNumber, VIN, makeModelYear, registration)
        VALUES (96, 96, 1933, 7480, 19.84, 'DRY FRIEGHT', 'TRL0096', 'VIN00000096', 'Model 96', '2021-10-25');
        
        INSERT INTO Trailer (supplierID, truckID, trailerCapacity, maxLoadWeight, trailerLength, trailerType, licensePlateNumber, VIN, makeModelYear, registration)
        VALUES (97, 97, 598, 3373, 13.85, 'DRY FRIEGHT', 'TRL0097', 'VIN00000097', 'Model 97', '2019-04-05');
        
        INSERT INTO Trailer (supplierID, truckID, trailerCapacity, maxLoadWeight, trailerLength, trailerType, licensePlateNumber, VIN, makeModelYear, registration)
        VALUES (98, 98, 684, 2589, 5.60, 'DRY FRIEGHT', 'TRL0098', 'VIN00000098', 'Model 98', '2020-08-02');
        
        INSERT INTO Trailer (supplierID, truckID, trailerCapacity, maxLoadWeight, trailerLength, trailerType, licensePlateNumber, VIN, makeModelYear, registration)
        VALUES (99, 99, 1932, 6747, 13.09, 'DRY FRIEGHT', 'TRL0099', 'VIN00000099', 'Model 99', '2015-12-10');
        
        INSERT INTO Trailer (supplierID, truckID, trailerCapacity, maxLoadWeight, trailerLength, trailerType, licensePlateNumber, VIN, makeModelYear, registration)
        VALUES (100, 100, 2919, 5673, 11.27, 'DRY FRIEGHT', 'TRL0100', 'VIN00000100', 'Model 100', '2020-07-20');
        INSERT INTO TrailerDamageReport (trailerID, damageData, damageDescription) VALUES (1, 'Damage 1', 'Description 1');
INSERT INTO TrailerDamageReport (trailerID, damageData, damageDescription) VALUES (2, 'Damage 2', 'Description 2');
INSERT INTO TrailerDamageReport (trailerID, damageData, damageDescription) VALUES (3, 'Damage 3', 'Description 3');
INSERT INTO TrailerDamageReport (trailerID, damageData, damageDescription) VALUES (4, 'Damage 4', 'Description 4');
INSERT INTO TrailerDamageReport (trailerID, damageData, damageDescription) VALUES (5, 'Damage 5', 'Description 5');
INSERT INTO TrailerDamageReport (trailerID, damageData, damageDescription) VALUES (6, 'Damage 6', 'Description 6');
INSERT INTO TrailerDamageReport (trailerID, damageData, damageDescription) VALUES (7, 'Damage 7', 'Description 7');
INSERT INTO TrailerDamageReport (trailerID, damageData, damageDescription) VALUES (8, 'Damage 8', 'Description 8');
INSERT INTO TrailerDamageReport (trailerID, damageData, damageDescription) VALUES (9, 'Damage 9', 'Description 9');
INSERT INTO TrailerDamageReport (trailerID, damageData, damageDescription) VALUES (10, 'Damage 10', 'Description 10');
INSERT INTO TrailerDamageReport (trailerID, damageData, damageDescription) VALUES (11, 'Damage 11', 'Description 11');
INSERT INTO TrailerDamageReport (trailerID, damageData, damageDescription) VALUES (12, 'Damage 12', 'Description 12');
INSERT INTO TrailerDamageReport (trailerID, damageData, damageDescription) VALUES (13, 'Damage 13', 'Description 13');
INSERT INTO TrailerDamageReport (trailerID, damageData, damageDescription) VALUES (14, 'Damage 14', 'Description 14');
INSERT INTO TrailerDamageReport (trailerID, damageData, damageDescription) VALUES (15, 'Damage 15', 'Description 15');
INSERT INTO TrailerDamageReport (trailerID, damageData, damageDescription) VALUES (16, 'Damage 16', 'Description 16');
INSERT INTO TrailerDamageReport (trailerID, damageData, damageDescription) VALUES (17, 'Damage 17', 'Description 17');
INSERT INTO TrailerDamageReport (trailerID, damageData, damageDescription) VALUES (18, 'Damage 18', 'Description 18');
INSERT INTO TrailerDamageReport (trailerID, damageData, damageDescription) VALUES (19, 'Damage 19', 'Description 19');
INSERT INTO TrailerDamageReport (trailerID, damageData, damageDescription) VALUES (20, 'Damage 20', 'Description 20');
INSERT INTO TrailerDamageReport (trailerID, damageData, damageDescription) VALUES (21, 'Damage 21', 'Description 21');
INSERT INTO TrailerDamageReport (trailerID, damageData, damageDescription) VALUES (22, 'Damage 22', 'Description 22');
INSERT INTO TrailerDamageReport (trailerID, damageData, damageDescription) VALUES (23, 'Damage 23', 'Description 23');
INSERT INTO TrailerDamageReport (trailerID, damageData, damageDescription) VALUES (24, 'Damage 24', 'Description 24');
INSERT INTO TrailerDamageReport (trailerID, damageData, damageDescription) VALUES (25, 'Damage 25', 'Description 25');
INSERT INTO TrailerDamageReport (trailerID, damageData, damageDescription) VALUES (26, 'Damage 26', 'Description 26');
INSERT INTO TrailerDamageReport (trailerID, damageData, damageDescription) VALUES (27, 'Damage 27', 'Description 27');
INSERT INTO TrailerDamageReport (trailerID, damageData, damageDescription) VALUES (28, 'Damage 28', 'Description 28');
INSERT INTO TrailerDamageReport (trailerID, damageData, damageDescription) VALUES (29, 'Damage 29', 'Description 29');
INSERT INTO TrailerDamageReport (trailerID, damageData, damageDescription) VALUES (30, 'Damage 30', 'Description 30');
INSERT INTO TrailerDamageReport (trailerID, damageData, damageDescription) VALUES (31, 'Damage 31', 'Description 31');
INSERT INTO TrailerDamageReport (trailerID, damageData, damageDescription) VALUES (32, 'Damage 32', 'Description 32');
INSERT INTO TrailerDamageReport (trailerID, damageData, damageDescription) VALUES (33, 'Damage 33', 'Description 33');
INSERT INTO TrailerDamageReport (trailerID, damageData, damageDescription) VALUES (34, 'Damage 34', 'Description 34');
INSERT INTO TrailerDamageReport (trailerID, damageData, damageDescription) VALUES (35, 'Damage 35', 'Description 35');
INSERT INTO TrailerDamageReport (trailerID, damageData, damageDescription) VALUES (36, 'Damage 36', 'Description 36');
INSERT INTO TrailerDamageReport (trailerID, damageData, damageDescription) VALUES (37, 'Damage 37', 'Description 37');
INSERT INTO TrailerDamageReport (trailerID, damageData, damageDescription) VALUES (38, 'Damage 38', 'Description 38');
INSERT INTO TrailerDamageReport (trailerID, damageData, damageDescription) VALUES (39, 'Damage 39', 'Description 39');
INSERT INTO TrailerDamageReport (trailerID, damageData, damageDescription) VALUES (40, 'Damage 40', 'Description 40');
INSERT INTO TrailerDamageReport (trailerID, damageData, damageDescription) VALUES (41, 'Damage 41', 'Description 41');
INSERT INTO TrailerDamageReport (trailerID, damageData, damageDescription) VALUES (42, 'Damage 42', 'Description 42');
INSERT INTO TrailerDamageReport (trailerID, damageData, damageDescription) VALUES (43, 'Damage 43', 'Description 43');
INSERT INTO TrailerDamageReport (trailerID, damageData, damageDescription) VALUES (44, 'Damage 44', 'Description 44');
INSERT INTO TrailerDamageReport (trailerID, damageData, damageDescription) VALUES (45, 'Damage 45', 'Description 45');
INSERT INTO TrailerDamageReport (trailerID, damageData, damageDescription) VALUES (46, 'Damage 46', 'Description 46');
INSERT INTO TrailerDamageReport (trailerID, damageData, damageDescription) VALUES (47, 'Damage 47', 'Description 47');
INSERT INTO TrailerDamageReport (trailerID, damageData, damageDescription) VALUES (48, 'Damage 48', 'Description 48');
INSERT INTO TrailerDamageReport (trailerID, damageData, damageDescription) VALUES (49, 'Damage 49', 'Description 49');
INSERT INTO TrailerDamageReport (trailerID, damageData, damageDescription) VALUES (50, 'Damage 50', 'Description 50');
INSERT INTO TrailerDamageReport (trailerID, damageData, damageDescription) VALUES (51, 'Damage 51', 'Description 51');
INSERT INTO TrailerDamageReport (trailerID, damageData, damageDescription) VALUES (52, 'Damage 52', 'Description 52');
INSERT INTO TrailerDamageReport (trailerID, damageData, damageDescription) VALUES (53, 'Damage 53', 'Description 53');
INSERT INTO TrailerDamageReport (trailerID, damageData, damageDescription) VALUES (54, 'Damage 54', 'Description 54');
INSERT INTO TrailerDamageReport (trailerID, damageData, damageDescription) VALUES (55, 'Damage 55', 'Description 55');
INSERT INTO TrailerDamageReport (trailerID, damageData, damageDescription) VALUES (56, 'Damage 56', 'Description 56');
INSERT INTO TrailerDamageReport (trailerID, damageData, damageDescription) VALUES (57, 'Damage 57', 'Description 57');
INSERT INTO TrailerDamageReport (trailerID, damageData, damageDescription) VALUES (58, 'Damage 58', 'Description 58');
INSERT INTO TrailerDamageReport (trailerID, damageData, damageDescription) VALUES (59, 'Damage 59', 'Description 59');
INSERT INTO TrailerDamageReport (trailerID, damageData, damageDescription) VALUES (60, 'Damage 60', 'Description 60');
INSERT INTO TrailerDamageReport (trailerID, damageData, damageDescription) VALUES (61, 'Damage 61', 'Description 61');
INSERT INTO TrailerDamageReport (trailerID, damageData, damageDescription) VALUES (62, 'Damage 62', 'Description 62');
INSERT INTO TrailerDamageReport (trailerID, damageData, damageDescription) VALUES (63, 'Damage 63', 'Description 63');
INSERT INTO TrailerDamageReport (trailerID, damageData, damageDescription) VALUES (64, 'Damage 64', 'Description 64');
INSERT INTO TrailerDamageReport (trailerID, damageData, damageDescription) VALUES (65, 'Damage 65', 'Description 65');
INSERT INTO TrailerDamageReport (trailerID, damageData, damageDescription) VALUES (66, 'Damage 66', 'Description 66');
INSERT INTO TrailerDamageReport (trailerID, damageData, damageDescription) VALUES (67, 'Damage 67', 'Description 67');
INSERT INTO TrailerDamageReport (trailerID, damageData, damageDescription) VALUES (68, 'Damage 68', 'Description 68');
INSERT INTO TrailerDamageReport (trailerID, damageData, damageDescription) VALUES (69, 'Damage 69', 'Description 69');
INSERT INTO TrailerDamageReport (trailerID, damageData, damageDescription) VALUES (70, 'Damage 70', 'Description 70');
INSERT INTO TrailerDamageReport (trailerID, damageData, damageDescription) VALUES (71, 'Damage 71', 'Description 71');
INSERT INTO TrailerDamageReport (trailerID, damageData, damageDescription) VALUES (72, 'Damage 72', 'Description 72');
INSERT INTO TrailerDamageReport (trailerID, damageData, damageDescription) VALUES (73, 'Damage 73', 'Description 73');
INSERT INTO TrailerDamageReport (trailerID, damageData, damageDescription) VALUES (74, 'Damage 74', 'Description 74');
INSERT INTO TrailerDamageReport (trailerID, damageData, damageDescription) VALUES (75, 'Damage 75', 'Description 75');
INSERT INTO TrailerDamageReport (trailerID, damageData, damageDescription) VALUES (76, 'Damage 76', 'Description 76');
INSERT INTO TrailerDamageReport (trailerID, damageData, damageDescription) VALUES (77, 'Damage 77', 'Description 77');
INSERT INTO TrailerDamageReport (trailerID, damageData, damageDescription) VALUES (78, 'Damage 78', 'Description 78');
INSERT INTO TrailerDamageReport (trailerID, damageData, damageDescription) VALUES (79, 'Damage 79', 'Description 79');
INSERT INTO TrailerDamageReport (trailerID, damageData, damageDescription) VALUES (80, 'Damage 80', 'Description 80');
INSERT INTO TrailerDamageReport (trailerID, damageData, damageDescription) VALUES (81, 'Damage 81', 'Description 81');
INSERT INTO TrailerDamageReport (trailerID, damageData, damageDescription) VALUES (82, 'Damage 82', 'Description 82');
INSERT INTO TrailerDamageReport (trailerID, damageData, damageDescription) VALUES (83, 'Damage 83', 'Description 83');
INSERT INTO TrailerDamageReport (trailerID, damageData, damageDescription) VALUES (84, 'Damage 84', 'Description 84');
INSERT INTO TrailerDamageReport (trailerID, damageData, damageDescription) VALUES (85, 'Damage 85', 'Description 85');
INSERT INTO TrailerDamageReport (trailerID, damageData, damageDescription) VALUES (86, 'Damage 86', 'Description 86');
INSERT INTO TrailerDamageReport (trailerID, damageData, damageDescription) VALUES (87, 'Damage 87', 'Description 87');
INSERT INTO TrailerDamageReport (trailerID, damageData, damageDescription) VALUES (88, 'Damage 88', 'Description 88');
INSERT INTO TrailerDamageReport (trailerID, damageData, damageDescription) VALUES (89, 'Damage 89', 'Description 89');
INSERT INTO TrailerDamageReport (trailerID, damageData, damageDescription) VALUES (90, 'Damage 90', 'Description 90');
INSERT INTO TrailerDamageReport (trailerID, damageData, damageDescription) VALUES (91, 'Damage 91', 'Description 91');
INSERT INTO TrailerDamageReport (trailerID, damageData, damageDescription) VALUES (92, 'Damage 92', 'Description 92');
INSERT INTO TrailerDamageReport (trailerID, damageData, damageDescription) VALUES (93, 'Damage 93', 'Description 93');
INSERT INTO TrailerDamageReport (trailerID, damageData, damageDescription) VALUES (94, 'Damage 94', 'Description 94');
INSERT INTO TrailerDamageReport (trailerID, damageData, damageDescription) VALUES (95, 'Damage 95', 'Description 95');
INSERT INTO TrailerDamageReport (trailerID, damageData, damageDescription) VALUES (96, 'Damage 96', 'Description 96');
INSERT INTO TrailerDamageReport (trailerID, damageData, damageDescription) VALUES (97, 'Damage 97', 'Description 97');
INSERT INTO TrailerDamageReport (trailerID, damageData, damageDescription) VALUES (98, 'Damage 98', 'Description 98');
INSERT INTO TrailerDamageReport (trailerID, damageData, damageDescription) VALUES (99, 'Damage 99', 'Description 99');
INSERT INTO TrailerDamageReport (trailerID, damageData, damageDescription) VALUES (100, 'Damage 100', 'Description 100');

        INSERT INTO SupplierContract (supplierID, contractStart, contractEnd, productType)
        VALUES (1, '2015-12-12', '2016-04-10', 'Product 1');
        
        INSERT INTO SupplierContract (supplierID, contractStart, contractEnd, productType)
        VALUES (2, '2015-08-18', '2020-02-20', 'Product 2');
        
        INSERT INTO SupplierContract (supplierID, contractStart, contractEnd, productType)
        VALUES (3, '2017-10-31', '2018-04-12', 'Product 3');
        
        INSERT INTO SupplierContract (supplierID, contractStart, contractEnd, productType)
        VALUES (4, '2019-11-15', '2019-02-18', 'Product 4');
        
        INSERT INTO SupplierContract (supplierID, contractStart, contractEnd, productType)
        VALUES (5, '2016-08-15', '2022-05-18', 'Product 5');
        
        INSERT INTO SupplierContract (supplierID, contractStart, contractEnd, productType)
        VALUES (6, '2019-01-08', '2022-07-06', 'Product 6');
        
        INSERT INTO SupplierContract (supplierID, contractStart, contractEnd, productType)
        VALUES (7, '2019-02-15', '2021-11-26', 'Product 7');
        
        INSERT INTO SupplierContract (supplierID, contractStart, contractEnd, productType)
        VALUES (8, '2020-02-08', '2016-09-17', 'Product 8');
        
        INSERT INTO SupplierContract (supplierID, contractStart, contractEnd, productType)
        VALUES (9, '2018-04-15', '2018-05-14', 'Product 9');
        
        INSERT INTO SupplierContract (supplierID, contractStart, contractEnd, productType)
        VALUES (10, '2022-09-02', '2021-01-31', 'Product 10');
        
        INSERT INTO SupplierContract (supplierID, contractStart, contractEnd, productType)
        VALUES (11, '2022-06-03', '2017-12-05', 'Product 11');
        
        INSERT INTO SupplierContract (supplierID, contractStart, contractEnd, productType)
        VALUES (12, '2022-10-05', '2017-11-13', 'Product 12');
        
        INSERT INTO SupplierContract (supplierID, contractStart, contractEnd, productType)
        VALUES (13, '2017-09-22', '2017-11-06', 'Product 13');
        
        INSERT INTO SupplierContract (supplierID, contractStart, contractEnd, productType)
        VALUES (14, '2015-01-07', '2020-08-25', 'Product 14');
        
        INSERT INTO SupplierContract (supplierID, contractStart, contractEnd, productType)
        VALUES (15, '2021-05-06', '2020-11-26', 'Product 15');
        
        INSERT INTO SupplierContract (supplierID, contractStart, contractEnd, productType)
        VALUES (16, '2020-10-18', '2015-09-03', 'Product 16');
        
        INSERT INTO SupplierContract (supplierID, contractStart, contractEnd, productType)
        VALUES (17, '2017-02-21', '2016-08-30', 'Product 17');
        
        INSERT INTO SupplierContract (supplierID, contractStart, contractEnd, productType)
        VALUES (18, '2018-08-17', '2016-04-02', 'Product 18');
        
        INSERT INTO SupplierContract (supplierID, contractStart, contractEnd, productType)
        VALUES (19, '2018-09-12', '2019-02-26', 'Product 19');
        
        INSERT INTO SupplierContract (supplierID, contractStart, contractEnd, productType)
        VALUES (20, '2017-03-11', '2020-02-02', 'Product 20');
        
        INSERT INTO SupplierContract (supplierID, contractStart, contractEnd, productType)
        VALUES (21, '2019-04-17', '2021-03-08', 'Product 21');
        
        INSERT INTO SupplierContract (supplierID, contractStart, contractEnd, productType)
        VALUES (22, '2020-09-19', '2017-06-21', 'Product 22');
        
        INSERT INTO SupplierContract (supplierID, contractStart, contractEnd, productType)
        VALUES (23, '2018-10-01', '2015-10-31', 'Product 23');
        
        INSERT INTO SupplierContract (supplierID, contractStart, contractEnd, productType)
        VALUES (24, '2019-12-15', '2018-12-25', 'Product 24');
        
        INSERT INTO SupplierContract (supplierID, contractStart, contractEnd, productType)
        VALUES (25, '2022-02-09', '2021-05-22', 'Product 25');
        
        INSERT INTO SupplierContract (supplierID, contractStart, contractEnd, productType)
        VALUES (26, '2016-05-16', '2020-02-01', 'Product 26');
        
        INSERT INTO SupplierContract (supplierID, contractStart, contractEnd, productType)
        VALUES (27, '2018-02-10', '2015-08-12', 'Product 27');
        
        INSERT INTO SupplierContract (supplierID, contractStart, contractEnd, productType)
        VALUES (28, '2017-12-06', '2020-07-29', 'Product 28');
        
        INSERT INTO SupplierContract (supplierID, contractStart, contractEnd, productType)
        VALUES (29, '2016-09-01', '2018-03-29', 'Product 29');
        
        INSERT INTO SupplierContract (supplierID, contractStart, contractEnd, productType)
        VALUES (30, '2022-07-06', '2019-04-05', 'Product 30');
        
        INSERT INTO SupplierContract (supplierID, contractStart, contractEnd, productType)
        VALUES (31, '2018-05-07', '2021-06-02', 'Product 31');
        
        INSERT INTO SupplierContract (supplierID, contractStart, contractEnd, productType)
        VALUES (32, '2015-10-20', '2020-12-25', 'Product 32');
        
        INSERT INTO SupplierContract (supplierID, contractStart, contractEnd, productType)
        VALUES (33, '2019-06-14', '2018-06-20', 'Product 33');
        
        INSERT INTO SupplierContract (supplierID, contractStart, contractEnd, productType)
        VALUES (34, '2020-12-19', '2020-01-23', 'Product 34');
        
        INSERT INTO SupplierContract (supplierID, contractStart, contractEnd, productType)
        VALUES (35, '2022-08-03', '2021-02-13', 'Product 35');
        
        INSERT INTO SupplierContract (supplierID, contractStart, contractEnd, productType)
        VALUES (36, '2018-01-16', '2016-10-10', 'Product 36');
        
        INSERT INTO SupplierContract (supplierID, contractStart, contractEnd, productType)
        VALUES (37, '2022-01-17', '2021-04-20', 'Product 37');
        
        INSERT INTO SupplierContract (supplierID, contractStart, contractEnd, productType)
        VALUES (38, '2021-01-07', '2022-07-24', 'Product 38');
        
        INSERT INTO SupplierContract (supplierID, contractStart, contractEnd, productType)
        VALUES (39, '2016-02-04', '2016-10-23', 'Product 39');
        
        INSERT INTO SupplierContract (supplierID, contractStart, contractEnd, productType)
        VALUES (40, '2020-10-08', '2019-03-02', 'Product 40');
        
        INSERT INTO SupplierContract (supplierID, contractStart, contractEnd, productType)
        VALUES (41, '2016-04-24', '2018-07-09', 'Product 41');
        
        INSERT INTO SupplierContract (supplierID, contractStart, contractEnd, productType)
        VALUES (42, '2021-04-21', '2016-04-08', 'Product 42');
        
        INSERT INTO SupplierContract (supplierID, contractStart, contractEnd, productType)
        VALUES (43, '2019-03-20', '2018-05-15', 'Product 43');
        
        INSERT INTO SupplierContract (supplierID, contractStart, contractEnd, productType)
        VALUES (44, '2022-07-31', '2022-07-29', 'Product 44');
        
        INSERT INTO SupplierContract (supplierID, contractStart, contractEnd, productType)
        VALUES (45, '2016-08-29', '2018-07-18', 'Product 45');
        
        INSERT INTO SupplierContract (supplierID, contractStart, contractEnd, productType)
        VALUES (46, '2022-03-17', '2021-01-05', 'Product 46');
        
        INSERT INTO SupplierContract (supplierID, contractStart, contractEnd, productType)
        VALUES (47, '2019-05-14', '2021-03-23', 'Product 47');
        
        INSERT INTO SupplierContract (supplierID, contractStart, contractEnd, productType)
        VALUES (48, '2017-11-10', '2016-01-12', 'Product 48');
        
        INSERT INTO SupplierContract (supplierID, contractStart, contractEnd, productType)
        VALUES (49, '2020-02-03', '2017-07-02', 'Product 49');
        
        INSERT INTO SupplierContract (supplierID, contractStart, contractEnd, productType)
        VALUES (50, '2019-10-25', '2019-04-01', 'Product 50');
        
        INSERT INTO SupplierContract (supplierID, contractStart, contractEnd, productType)
        VALUES (51, '2020-02-26', '2017-09-17', 'Product 51');
        
        INSERT INTO SupplierContract (supplierID, contractStart, contractEnd, productType)
        VALUES (52, '2021-11-26', '2016-12-06', 'Product 52');
        
        INSERT INTO SupplierContract (supplierID, contractStart, contractEnd, productType)
        VALUES (53, '2020-06-20', '2020-04-30', 'Product 53');
        
        INSERT INTO SupplierContract (supplierID, contractStart, contractEnd, productType)
        VALUES (54, '2016-02-28', '2018-05-11', 'Product 54');
        
        INSERT INTO SupplierContract (supplierID, contractStart, contractEnd, productType)
        VALUES (55, '2015-03-16', '2020-05-29', 'Product 55');
        
        INSERT INTO SupplierContract (supplierID, contractStart, contractEnd, productType)
        VALUES (56, '2018-12-20', '2022-09-05', 'Product 56');
        
        INSERT INTO SupplierContract (supplierID, contractStart, contractEnd, productType)
        VALUES (57, '2016-03-19', '2016-01-16', 'Product 57');
        
        INSERT INTO SupplierContract (supplierID, contractStart, contractEnd, productType)
        VALUES (58, '2017-08-06', '2015-07-16', 'Product 58');
        
        INSERT INTO SupplierContract (supplierID, contractStart, contractEnd, productType)
        VALUES (59, '2015-09-09', '2017-11-14', 'Product 59');
        
        INSERT INTO SupplierContract (supplierID, contractStart, contractEnd, productType)
        VALUES (60, '2021-01-04', '2016-01-02', 'Product 60');
        
        INSERT INTO SupplierContract (supplierID, contractStart, contractEnd, productType)
        VALUES (61, '2018-07-04', '2019-12-28', 'Product 61');
        
        INSERT INTO SupplierContract (supplierID, contractStart, contractEnd, productType)
        VALUES (62, '2020-12-15', '2020-07-16', 'Product 62');
        
        INSERT INTO SupplierContract (supplierID, contractStart, contractEnd, productType)
        VALUES (63, '2015-07-21', '2020-02-25', 'Product 63');
        
        INSERT INTO SupplierContract (supplierID, contractStart, contractEnd, productType)
        VALUES (64, '2018-07-11', '2021-12-22', 'Product 64');
        
        INSERT INTO SupplierContract (supplierID, contractStart, contractEnd, productType)
        VALUES (65, '2015-11-14', '2016-11-15', 'Product 65');
        
        INSERT INTO SupplierContract (supplierID, contractStart, contractEnd, productType)
        VALUES (66, '2018-05-07', '2022-12-26', 'Product 66');
        
        INSERT INTO SupplierContract (supplierID, contractStart, contractEnd, productType)
        VALUES (67, '2021-11-04', '2020-10-03', 'Product 67');
        
        INSERT INTO SupplierContract (supplierID, contractStart, contractEnd, productType)
        VALUES (68, '2017-03-28', '2020-08-07', 'Product 68');
        
        INSERT INTO SupplierContract (supplierID, contractStart, contractEnd, productType)
        VALUES (69, '2016-10-04', '2020-02-01', 'Product 69');
        
        INSERT INTO SupplierContract (supplierID, contractStart, contractEnd, productType)
        VALUES (70, '2017-10-23', '2015-09-14', 'Product 70');
        
        INSERT INTO SupplierContract (supplierID, contractStart, contractEnd, productType)
        VALUES (71, '2020-01-08', '2018-07-12', 'Product 71');
        
        INSERT INTO SupplierContract (supplierID, contractStart, contractEnd, productType)
        VALUES (72, '2015-09-29', '2022-04-20', 'Product 72');
        
        INSERT INTO SupplierContract (supplierID, contractStart, contractEnd, productType)
        VALUES (73, '2018-05-01', '2018-08-18', 'Product 73');
        
        INSERT INTO SupplierContract (supplierID, contractStart, contractEnd, productType)
        VALUES (74, '2018-12-05', '2016-05-23', 'Product 74');
        
        INSERT INTO SupplierContract (supplierID, contractStart, contractEnd, productType)
        VALUES (75, '2020-06-22', '2016-08-10', 'Product 75');
        
        INSERT INTO SupplierContract (supplierID, contractStart, contractEnd, productType)
        VALUES (76, '2019-03-10', '2016-05-06', 'Product 76');
        
        INSERT INTO SupplierContract (supplierID, contractStart, contractEnd, productType)
        VALUES (77, '2021-10-06', '2020-07-21', 'Product 77');
        
        INSERT INTO SupplierContract (supplierID, contractStart, contractEnd, productType)
        VALUES (78, '2016-07-22', '2015-02-13', 'Product 78');
        
        INSERT INTO SupplierContract (supplierID, contractStart, contractEnd, productType)
        VALUES (79, '2015-01-19', '2018-09-15', 'Product 79');
        
        INSERT INTO SupplierContract (supplierID, contractStart, contractEnd, productType)
        VALUES (80, '2020-01-15', '2021-08-04', 'Product 80');
        
        INSERT INTO SupplierContract (supplierID, contractStart, contractEnd, productType)
        VALUES (81, '2020-01-05', '2021-03-25', 'Product 81');
        
        INSERT INTO SupplierContract (supplierID, contractStart, contractEnd, productType)
        VALUES (82, '2016-05-15', '2016-12-31', 'Product 82');
        
        INSERT INTO SupplierContract (supplierID, contractStart, contractEnd, productType)
        VALUES (83, '2015-07-18', '2021-05-08', 'Product 83');
        
        INSERT INTO SupplierContract (supplierID, contractStart, contractEnd, productType)
        VALUES (84, '2018-05-16', '2015-09-03', 'Product 84');
        
        INSERT INTO SupplierContract (supplierID, contractStart, contractEnd, productType)
        VALUES (85, '2021-08-24', '2017-04-01', 'Product 85');
        
        INSERT INTO SupplierContract (supplierID, contractStart, contractEnd, productType)
        VALUES (86, '2016-11-02', '2019-10-13', 'Product 86');
        
        INSERT INTO SupplierContract (supplierID, contractStart, contractEnd, productType)
        VALUES (87, '2021-08-09', '2020-06-05', 'Product 87');
        
        INSERT INTO SupplierContract (supplierID, contractStart, contractEnd, productType)
        VALUES (88, '2016-01-06', '2020-03-16', 'Product 88');
        
        INSERT INTO SupplierContract (supplierID, contractStart, contractEnd, productType)
        VALUES (89, '2020-12-13', '2022-09-10', 'Product 89');
        
        INSERT INTO SupplierContract (supplierID, contractStart, contractEnd, productType)
        VALUES (90, '2021-03-30', '2016-12-21', 'Product 90');
        
        INSERT INTO SupplierContract (supplierID, contractStart, contractEnd, productType)
        VALUES (91, '2018-12-12', '2018-01-27', 'Product 91');
        
        INSERT INTO SupplierContract (supplierID, contractStart, contractEnd, productType)
        VALUES (92, '2016-10-19', '2018-11-25', 'Product 92');
        
        INSERT INTO SupplierContract (supplierID, contractStart, contractEnd, productType)
        VALUES (93, '2016-01-11', '2021-01-12', 'Product 93');
        
        INSERT INTO SupplierContract (supplierID, contractStart, contractEnd, productType)
        VALUES (94, '2016-09-07', '2018-11-04', 'Product 94');
        
        INSERT INTO SupplierContract (supplierID, contractStart, contractEnd, productType)
        VALUES (95, '2017-05-01', '2022-06-27', 'Product 95');
        
        INSERT INTO SupplierContract (supplierID, contractStart, contractEnd, productType)
        VALUES (96, '2021-03-15', '2018-06-25', 'Product 96');
        
        INSERT INTO SupplierContract (supplierID, contractStart, contractEnd, productType)
        VALUES (97, '2015-06-22', '2015-07-06', 'Product 97');
        
        INSERT INTO SupplierContract (supplierID, contractStart, contractEnd, productType)
        VALUES (98, '2017-10-17', '2021-05-15', 'Product 98');
        
        INSERT INTO SupplierContract (supplierID, contractStart, contractEnd, productType)
        VALUES (99, '2017-12-01', '2021-11-23', 'Product 99');
        
        INSERT INTO SupplierContract (supplierID, contractStart, contractEnd, productType)
        VALUES (100, '2019-09-26', '2020-12-01', 'Product 100');
        
        INSERT INTO Customer (customerLongitude, customerLatitude, customerName, typeOfStore, deliveryInstructions)
        VALUES (139.802025, -16.284536, 'Customer 1', 'CHAIN', 'Instructions 1');
        
        INSERT INTO Customer (customerLongitude, customerLatitude, customerName, typeOfStore, deliveryInstructions)
        VALUES (-143.260053, 83.946369, 'Customer 2', 'CHAIN', 'Instructions 2');
        
        INSERT INTO Customer (customerLongitude, customerLatitude, customerName, typeOfStore, deliveryInstructions)
        VALUES (66.505596, 52.534288, 'Customer 3', 'CHAIN', 'Instructions 3');
        
        INSERT INTO Customer (customerLongitude, customerLatitude, customerName, typeOfStore, deliveryInstructions)
        VALUES (148.834148, 36.853359, 'Customer 4', 'CHAIN', 'Instructions 4');
        
        INSERT INTO Customer (customerLongitude, customerLatitude, customerName, typeOfStore, deliveryInstructions)
        VALUES (5.805561, 12.759583, 'Customer 5', 'CHAIN', 'Instructions 5');
        
        INSERT INTO Customer (customerLongitude, customerLatitude, customerName, typeOfStore, deliveryInstructions)
        VALUES (-116.698760, -38.331766, 'Customer 6', 'CHAIN', 'Instructions 6');
        
        INSERT INTO Customer (customerLongitude, customerLatitude, customerName, typeOfStore, deliveryInstructions)
        VALUES (-168.550115, 49.621355, 'Customer 7', 'CHAIN', 'Instructions 7');
        
        INSERT INTO Customer (customerLongitude, customerLatitude, customerName, typeOfStore, deliveryInstructions)
        VALUES (72.310205, 31.515166, 'Customer 8', 'CHAIN', 'Instructions 8');
        
        INSERT INTO Customer (customerLongitude, customerLatitude, customerName, typeOfStore, deliveryInstructions)
        VALUES (-29.733688, 4.471954, 'Customer 9', 'CHAIN', 'Instructions 9');
        
        INSERT INTO Customer (customerLongitude, customerLatitude, customerName, typeOfStore, deliveryInstructions)
        VALUES (158.183251, 9.062849, 'Customer 10', 'CHAIN', 'Instructions 10');
        
        INSERT INTO Customer (customerLongitude, customerLatitude, customerName, typeOfStore, deliveryInstructions)
        VALUES (-37.295260, 82.019270, 'Customer 11', 'CHAIN', 'Instructions 11');
        
        INSERT INTO Customer (customerLongitude, customerLatitude, customerName, typeOfStore, deliveryInstructions)
        VALUES (58.448544, -65.820884, 'Customer 12', 'CHAIN', 'Instructions 12');
        
        INSERT INTO Customer (customerLongitude, customerLatitude, customerName, typeOfStore, deliveryInstructions)
        VALUES (72.586728, -22.464513, 'Customer 13', 'CHAIN', 'Instructions 13');
        
        INSERT INTO Customer (customerLongitude, customerLatitude, customerName, typeOfStore, deliveryInstructions)
        VALUES (96.505188, -6.766279, 'Customer 14', 'CHAIN', 'Instructions 14');
        
        INSERT INTO Customer (customerLongitude, customerLatitude, customerName, typeOfStore, deliveryInstructions)
        VALUES (-94.690052, -47.908537, 'Customer 15', 'CHAIN', 'Instructions 15');
        
        INSERT INTO Customer (customerLongitude, customerLatitude, customerName, typeOfStore, deliveryInstructions)
        VALUES (147.977219, -24.034921, 'Customer 16', 'CHAIN', 'Instructions 16');
        
        INSERT INTO Customer (customerLongitude, customerLatitude, customerName, typeOfStore, deliveryInstructions)
        VALUES (-120.955974, -25.819571, 'Customer 17', 'CHAIN', 'Instructions 17');
        
        INSERT INTO Customer (customerLongitude, customerLatitude, customerName, typeOfStore, deliveryInstructions)
        VALUES (64.880409, 52.344811, 'Customer 18', 'CHAIN', 'Instructions 18');
        
        INSERT INTO Customer (customerLongitude, customerLatitude, customerName, typeOfStore, deliveryInstructions)
        VALUES (-113.018730, -11.789338, 'Customer 19', 'CHAIN', 'Instructions 19');
        
        INSERT INTO Customer (customerLongitude, customerLatitude, customerName, typeOfStore, deliveryInstructions)
        VALUES (158.649660, -4.844454, 'Customer 20', 'CHAIN', 'Instructions 20');
        
        INSERT INTO Customer (customerLongitude, customerLatitude, customerName, typeOfStore, deliveryInstructions)
        VALUES (105.996032, 56.300325, 'Customer 21', 'CHAIN', 'Instructions 21');
        
        INSERT INTO Customer (customerLongitude, customerLatitude, customerName, typeOfStore, deliveryInstructions)
        VALUES (-17.942423, -9.071916, 'Customer 22', 'CHAIN', 'Instructions 22');
        
        INSERT INTO Customer (customerLongitude, customerLatitude, customerName, typeOfStore, deliveryInstructions)
        VALUES (-132.850009, 19.052093, 'Customer 23', 'CHAIN', 'Instructions 23');
        
        INSERT INTO Customer (customerLongitude, customerLatitude, customerName, typeOfStore, deliveryInstructions)
        VALUES (90.912047, -28.671049, 'Customer 24', 'CHAIN', 'Instructions 24');
        
        INSERT INTO Customer (customerLongitude, customerLatitude, customerName, typeOfStore, deliveryInstructions)
        VALUES (-54.296039, -69.776991, 'Customer 25', 'CHAIN', 'Instructions 25');
        
        INSERT INTO Customer (customerLongitude, customerLatitude, customerName, typeOfStore, deliveryInstructions)
        VALUES (-143.676803, 3.015009, 'Customer 26', 'CHAIN', 'Instructions 26');
        
        INSERT INTO Customer (customerLongitude, customerLatitude, customerName, typeOfStore, deliveryInstructions)
        VALUES (131.069287, 45.376772, 'Customer 27', 'CHAIN', 'Instructions 27');
        
        INSERT INTO Customer (customerLongitude, customerLatitude, customerName, typeOfStore, deliveryInstructions)
        VALUES (107.742325, 2.274984, 'Customer 28', 'CHAIN', 'Instructions 28');
        
        INSERT INTO Customer (customerLongitude, customerLatitude, customerName, typeOfStore, deliveryInstructions)
        VALUES (-85.602693, -43.631245, 'Customer 29', 'CHAIN', 'Instructions 29');
        
        INSERT INTO Customer (customerLongitude, customerLatitude, customerName, typeOfStore, deliveryInstructions)
        VALUES (151.210375, -41.697123, 'Customer 30', 'CHAIN', 'Instructions 30');
        
        INSERT INTO Customer (customerLongitude, customerLatitude, customerName, typeOfStore, deliveryInstructions)
        VALUES (165.871585, 22.041922, 'Customer 31', 'CHAIN', 'Instructions 31');
        
        INSERT INTO Customer (customerLongitude, customerLatitude, customerName, typeOfStore, deliveryInstructions)
        VALUES (112.961193, 60.281704, 'Customer 32', 'CHAIN', 'Instructions 32');
        
        INSERT INTO Customer (customerLongitude, customerLatitude, customerName, typeOfStore, deliveryInstructions)
        VALUES (136.650767, 19.907160, 'Customer 33', 'CHAIN', 'Instructions 33');
        
        INSERT INTO Customer (customerLongitude, customerLatitude, customerName, typeOfStore, deliveryInstructions)
        VALUES (-61.979355, 47.806812, 'Customer 34', 'CHAIN', 'Instructions 34');
        
        INSERT INTO Customer (customerLongitude, customerLatitude, customerName, typeOfStore, deliveryInstructions)
        VALUES (-80.370271, 22.660242, 'Customer 35', 'CHAIN', 'Instructions 35');
        
        INSERT INTO Customer (customerLongitude, customerLatitude, customerName, typeOfStore, deliveryInstructions)
        VALUES (-17.837180, 67.419385, 'Customer 36', 'CHAIN', 'Instructions 36');
        
        INSERT INTO Customer (customerLongitude, customerLatitude, customerName, typeOfStore, deliveryInstructions)
        VALUES (70.671676, 32.535456, 'Customer 37', 'CHAIN', 'Instructions 37');
        
        INSERT INTO Customer (customerLongitude, customerLatitude, customerName, typeOfStore, deliveryInstructions)
        VALUES (-176.836251, -2.133494, 'Customer 38', 'CHAIN', 'Instructions 38');
        
        INSERT INTO Customer (customerLongitude, customerLatitude, customerName, typeOfStore, deliveryInstructions)
        VALUES (56.629996, -60.598363, 'Customer 39', 'CHAIN', 'Instructions 39');
        
        INSERT INTO Customer (customerLongitude, customerLatitude, customerName, typeOfStore, deliveryInstructions)
        VALUES (69.727284, 50.908336, 'Customer 40', 'CHAIN', 'Instructions 40');
        
        INSERT INTO Customer (customerLongitude, customerLatitude, customerName, typeOfStore, deliveryInstructions)
        VALUES (110.352660, -6.834114, 'Customer 41', 'CHAIN', 'Instructions 41');
        
        INSERT INTO Customer (customerLongitude, customerLatitude, customerName, typeOfStore, deliveryInstructions)
        VALUES (-166.248733, 26.304283, 'Customer 42', 'CHAIN', 'Instructions 42');
        
        INSERT INTO Customer (customerLongitude, customerLatitude, customerName, typeOfStore, deliveryInstructions)
        VALUES (48.376774, 76.504632, 'Customer 43', 'CHAIN', 'Instructions 43');
        
        INSERT INTO Customer (customerLongitude, customerLatitude, customerName, typeOfStore, deliveryInstructions)
        VALUES (-40.890027, -37.249020, 'Customer 44', 'CHAIN', 'Instructions 44');
        
        INSERT INTO Customer (customerLongitude, customerLatitude, customerName, typeOfStore, deliveryInstructions)
        VALUES (-10.170584, 1.481345, 'Customer 45', 'CHAIN', 'Instructions 45');
        
        INSERT INTO Customer (customerLongitude, customerLatitude, customerName, typeOfStore, deliveryInstructions)
        VALUES (87.287909, -10.721329, 'Customer 46', 'CHAIN', 'Instructions 46');
        
        INSERT INTO Customer (customerLongitude, customerLatitude, customerName, typeOfStore, deliveryInstructions)
        VALUES (53.783940, -88.169045, 'Customer 47', 'CHAIN', 'Instructions 47');
        
        INSERT INTO Customer (customerLongitude, customerLatitude, customerName, typeOfStore, deliveryInstructions)
        VALUES (-137.809338, -25.236464, 'Customer 48', 'CHAIN', 'Instructions 48');
        
        INSERT INTO Customer (customerLongitude, customerLatitude, customerName, typeOfStore, deliveryInstructions)
        VALUES (-28.551628, 76.198863, 'Customer 49', 'CHAIN', 'Instructions 49');
        
        INSERT INTO Customer (customerLongitude, customerLatitude, customerName, typeOfStore, deliveryInstructions)
        VALUES (170.867651, -48.847196, 'Customer 50', 'CHAIN', 'Instructions 50');
        
        INSERT INTO Customer (customerLongitude, customerLatitude, customerName, typeOfStore, deliveryInstructions)
        VALUES (-1.993016, 52.689503, 'Customer 51', 'CHAIN', 'Instructions 51');
        
        INSERT INTO Customer (customerLongitude, customerLatitude, customerName, typeOfStore, deliveryInstructions)
        VALUES (134.748062, 1.432472, 'Customer 52', 'CHAIN', 'Instructions 52');
        
        INSERT INTO Customer (customerLongitude, customerLatitude, customerName, typeOfStore, deliveryInstructions)
        VALUES (58.090116, 4.959917, 'Customer 53', 'CHAIN', 'Instructions 53');
        
        INSERT INTO Customer (customerLongitude, customerLatitude, customerName, typeOfStore, deliveryInstructions)
        VALUES (110.017531, 15.308698, 'Customer 54', 'CHAIN', 'Instructions 54');
        
        INSERT INTO Customer (customerLongitude, customerLatitude, customerName, typeOfStore, deliveryInstructions)
        VALUES (-174.225658, 57.145925, 'Customer 55', 'CHAIN', 'Instructions 55');
        
        INSERT INTO Customer (customerLongitude, customerLatitude, customerName, typeOfStore, deliveryInstructions)
        VALUES (51.971422, 87.147114, 'Customer 56', 'CHAIN', 'Instructions 56');
        
        INSERT INTO Customer (customerLongitude, customerLatitude, customerName, typeOfStore, deliveryInstructions)
        VALUES (-36.447876, 65.344880, 'Customer 57', 'CHAIN', 'Instructions 57');
        
        INSERT INTO Customer (customerLongitude, customerLatitude, customerName, typeOfStore, deliveryInstructions)
        VALUES (-94.692535, 49.347298, 'Customer 58', 'CHAIN', 'Instructions 58');
        
        INSERT INTO Customer (customerLongitude, customerLatitude, customerName, typeOfStore, deliveryInstructions)
        VALUES (-108.135631, -35.308659, 'Customer 59', 'CHAIN', 'Instructions 59');
        
        INSERT INTO Customer (customerLongitude, customerLatitude, customerName, typeOfStore, deliveryInstructions)
        VALUES (126.862087, 20.171292, 'Customer 60', 'CHAIN', 'Instructions 60');
        
        INSERT INTO Customer (customerLongitude, customerLatitude, customerName, typeOfStore, deliveryInstructions)
        VALUES (-49.492933, 35.936898, 'Customer 61', 'CHAIN', 'Instructions 61');
        
        INSERT INTO Customer (customerLongitude, customerLatitude, customerName, typeOfStore, deliveryInstructions)
        VALUES (-116.868798, -42.244778, 'Customer 62', 'CHAIN', 'Instructions 62');
        
        INSERT INTO Customer (customerLongitude, customerLatitude, customerName, typeOfStore, deliveryInstructions)
        VALUES (-26.971813, -4.931796, 'Customer 63', 'CHAIN', 'Instructions 63');
        
        INSERT INTO Customer (customerLongitude, customerLatitude, customerName, typeOfStore, deliveryInstructions)
        VALUES (-40.740945, 25.180910, 'Customer 64', 'CHAIN', 'Instructions 64');
        
        INSERT INTO Customer (customerLongitude, customerLatitude, customerName, typeOfStore, deliveryInstructions)
        VALUES (-133.573582, -41.650101, 'Customer 65', 'CHAIN', 'Instructions 65');
        
        INSERT INTO Customer (customerLongitude, customerLatitude, customerName, typeOfStore, deliveryInstructions)
        VALUES (44.312165, -48.610895, 'Customer 66', 'CHAIN', 'Instructions 66');
        
        INSERT INTO Customer (customerLongitude, customerLatitude, customerName, typeOfStore, deliveryInstructions)
        VALUES (-134.060352, 88.097174, 'Customer 67', 'CHAIN', 'Instructions 67');
        
        INSERT INTO Customer (customerLongitude, customerLatitude, customerName, typeOfStore, deliveryInstructions)
        VALUES (-43.517056, 56.193974, 'Customer 68', 'CHAIN', 'Instructions 68');
        
        INSERT INTO Customer (customerLongitude, customerLatitude, customerName, typeOfStore, deliveryInstructions)
        VALUES (121.605099, 27.592685, 'Customer 69', 'CHAIN', 'Instructions 69');
        
        INSERT INTO Customer (customerLongitude, customerLatitude, customerName, typeOfStore, deliveryInstructions)
        VALUES (158.310280, 14.835936, 'Customer 70', 'CHAIN', 'Instructions 70');
        
        INSERT INTO Customer (customerLongitude, customerLatitude, customerName, typeOfStore, deliveryInstructions)
        VALUES (-116.841757, -66.397552, 'Customer 71', 'CHAIN', 'Instructions 71');
        
        INSERT INTO Customer (customerLongitude, customerLatitude, customerName, typeOfStore, deliveryInstructions)
        VALUES (136.574193, 64.571470, 'Customer 72', 'CHAIN', 'Instructions 72');
        
        INSERT INTO Customer (customerLongitude, customerLatitude, customerName, typeOfStore, deliveryInstructions)
        VALUES (31.542036, 26.812109, 'Customer 73', 'CHAIN', 'Instructions 73');
        
        INSERT INTO Customer (customerLongitude, customerLatitude, customerName, typeOfStore, deliveryInstructions)
        VALUES (-134.653012, 58.681128, 'Customer 74', 'CHAIN', 'Instructions 74');
        
        INSERT INTO Customer (customerLongitude, customerLatitude, customerName, typeOfStore, deliveryInstructions)
        VALUES (95.838003, -20.205359, 'Customer 75', 'CHAIN', 'Instructions 75');
        
        INSERT INTO Customer (customerLongitude, customerLatitude, customerName, typeOfStore, deliveryInstructions)
        VALUES (-176.308163, -1.404921, 'Customer 76', 'CHAIN', 'Instructions 76');
        
        INSERT INTO Customer (customerLongitude, customerLatitude, customerName, typeOfStore, deliveryInstructions)
        VALUES (-39.850375, -72.119889, 'Customer 77', 'CHAIN', 'Instructions 77');
        
        INSERT INTO Customer (customerLongitude, customerLatitude, customerName, typeOfStore, deliveryInstructions)
        VALUES (-117.932857, 87.718256, 'Customer 78', 'CHAIN', 'Instructions 78');
        
        INSERT INTO Customer (customerLongitude, customerLatitude, customerName, typeOfStore, deliveryInstructions)
        VALUES (-97.024238, 82.332144, 'Customer 79', 'CHAIN', 'Instructions 79');
        
        INSERT INTO Customer (customerLongitude, customerLatitude, customerName, typeOfStore, deliveryInstructions)
        VALUES (63.262866, 33.091899, 'Customer 80', 'CHAIN', 'Instructions 80');
        
        INSERT INTO Customer (customerLongitude, customerLatitude, customerName, typeOfStore, deliveryInstructions)
        VALUES (-51.511598, 38.037573, 'Customer 81', 'CHAIN', 'Instructions 81');
        
        INSERT INTO Customer (customerLongitude, customerLatitude, customerName, typeOfStore, deliveryInstructions)
        VALUES (-89.683832, -10.809942, 'Customer 82', 'CHAIN', 'Instructions 82');
        
        INSERT INTO Customer (customerLongitude, customerLatitude, customerName, typeOfStore, deliveryInstructions)
        VALUES (-69.688854, -76.931048, 'Customer 83', 'CHAIN', 'Instructions 83');
        
        INSERT INTO Customer (customerLongitude, customerLatitude, customerName, typeOfStore, deliveryInstructions)
        VALUES (-70.748470, -6.208540, 'Customer 84', 'CHAIN', 'Instructions 84');
        
        INSERT INTO Customer (customerLongitude, customerLatitude, customerName, typeOfStore, deliveryInstructions)
        VALUES (109.783355, 18.355646, 'Customer 85', 'CHAIN', 'Instructions 85');
        
        INSERT INTO Customer (customerLongitude, customerLatitude, customerName, typeOfStore, deliveryInstructions)
        VALUES (134.537363, 48.364371, 'Customer 86', 'CHAIN', 'Instructions 86');
        
        INSERT INTO Customer (customerLongitude, customerLatitude, customerName, typeOfStore, deliveryInstructions)
        VALUES (-25.270063, 22.531101, 'Customer 87', 'CHAIN', 'Instructions 87');
        
        INSERT INTO Customer (customerLongitude, customerLatitude, customerName, typeOfStore, deliveryInstructions)
        VALUES (-148.898760, -77.136175, 'Customer 88', 'CHAIN', 'Instructions 88');
        
        INSERT INTO Customer (customerLongitude, customerLatitude, customerName, typeOfStore, deliveryInstructions)
        VALUES (58.352649, 61.363769, 'Customer 89', 'CHAIN', 'Instructions 89');
        
        INSERT INTO Customer (customerLongitude, customerLatitude, customerName, typeOfStore, deliveryInstructions)
        VALUES (-166.650683, 75.336524, 'Customer 90', 'CHAIN', 'Instructions 90');
        
        INSERT INTO Customer (customerLongitude, customerLatitude, customerName, typeOfStore, deliveryInstructions)
        VALUES (114.528739, -83.162300, 'Customer 91', 'CHAIN', 'Instructions 91');
        
        INSERT INTO Customer (customerLongitude, customerLatitude, customerName, typeOfStore, deliveryInstructions)
        VALUES (32.861808, 47.649364, 'Customer 92', 'CHAIN', 'Instructions 92');
        
        INSERT INTO Customer (customerLongitude, customerLatitude, customerName, typeOfStore, deliveryInstructions)
        VALUES (94.394957, -59.257613, 'Customer 93', 'CHAIN', 'Instructions 93');
        
        INSERT INTO Customer (customerLongitude, customerLatitude, customerName, typeOfStore, deliveryInstructions)
        VALUES (-118.170933, -33.332397, 'Customer 94', 'CHAIN', 'Instructions 94');
        
        INSERT INTO Customer (customerLongitude, customerLatitude, customerName, typeOfStore, deliveryInstructions)
        VALUES (158.177895, -1.783447, 'Customer 95', 'CHAIN', 'Instructions 95');
        
        INSERT INTO Customer (customerLongitude, customerLatitude, customerName, typeOfStore, deliveryInstructions)
        VALUES (70.786723, 35.651834, 'Customer 96', 'CHAIN', 'Instructions 96');
        
        INSERT INTO Customer (customerLongitude, customerLatitude, customerName, typeOfStore, deliveryInstructions)
        VALUES (-44.414491, -10.891658, 'Customer 97', 'CHAIN', 'Instructions 97');
        
        INSERT INTO Customer (customerLongitude, customerLatitude, customerName, typeOfStore, deliveryInstructions)
        VALUES (148.469523, 21.714722, 'Customer 98', 'CHAIN', 'Instructions 98');
        
        INSERT INTO Customer (customerLongitude, customerLatitude, customerName, typeOfStore, deliveryInstructions)
        VALUES (107.131532, -53.855000, 'Customer 99', 'CHAIN', 'Instructions 99');
        
        INSERT INTO Customer (customerLongitude, customerLatitude, customerName, typeOfStore, deliveryInstructions)
        VALUES (-171.168072, -0.394497, 'Customer 100', 'CHAIN', 'Instructions 100');
        INSERT INTO CustomerContactInfo (customerID, contactPerson, contactNumber) VALUES (1, 'Contact 1', '4165558087');
INSERT INTO CustomerContactInfo (customerID, contactPerson, contactNumber) VALUES (2, 'Contact 2', '4165558623');
INSERT INTO CustomerContactInfo (customerID, contactPerson, contactNumber) VALUES (3, 'Contact 3', '4165558003');
INSERT INTO CustomerContactInfo (customerID, contactPerson, contactNumber) VALUES (4, 'Contact 4', '4165559019');
INSERT INTO CustomerContactInfo (customerID, contactPerson, contactNumber) VALUES (5, 'Contact 5', '4165554322');
INSERT INTO CustomerContactInfo (customerID, contactPerson, contactNumber) VALUES (6, 'Contact 6', '4165554244');
INSERT INTO CustomerContactInfo (customerID, contactPerson, contactNumber) VALUES (7, 'Contact 7', '4165559630');
INSERT INTO CustomerContactInfo (customerID, contactPerson, contactNumber) VALUES (8, 'Contact 8', '4165559631');
INSERT INTO CustomerContactInfo (customerID, contactPerson, contactNumber) VALUES (9, 'Contact 9', '4165552042');
INSERT INTO CustomerContactInfo (customerID, contactPerson, contactNumber) VALUES (10, 'Contact 10', '4165554259');
INSERT INTO CustomerContactInfo (customerID, contactPerson, contactNumber) VALUES (11, 'Contact 11', '4165552577');
INSERT INTO CustomerContactInfo (customerID, contactPerson, contactNumber) VALUES (12, 'Contact 12', '4165557974');
INSERT INTO CustomerContactInfo (customerID, contactPerson, contactNumber) VALUES (13, 'Contact 13', '4165558862');
INSERT INTO CustomerContactInfo (customerID, contactPerson, contactNumber) VALUES (14, 'Contact 14', '4165556481');
INSERT INTO CustomerContactInfo (customerID, contactPerson, contactNumber) VALUES (15, 'Contact 15', '4165551373');
INSERT INTO CustomerContactInfo (customerID, contactPerson, contactNumber) VALUES (16, 'Contact 16', '4165558124');
INSERT INTO CustomerContactInfo (customerID, contactPerson, contactNumber) VALUES (17, 'Contact 17', '4165555786');
INSERT INTO CustomerContactInfo (customerID, contactPerson, contactNumber) VALUES (18, 'Contact 18', '4165558752');
INSERT INTO CustomerContactInfo (customerID, contactPerson, contactNumber) VALUES (19, 'Contact 19', '4165556614');
INSERT INTO CustomerContactInfo (customerID, contactPerson, contactNumber) VALUES (20, 'Contact 20', '4165553105');
INSERT INTO CustomerContactInfo (customerID, contactPerson, contactNumber) VALUES (21, 'Contact 21', '4165556571');
INSERT INTO CustomerContactInfo (customerID, contactPerson, contactNumber) VALUES (22, 'Contact 22', '4165557835');
INSERT INTO CustomerContactInfo (customerID, contactPerson, contactNumber) VALUES (23, 'Contact 23', '4165554994');
INSERT INTO CustomerContactInfo (customerID, contactPerson, contactNumber) VALUES (24, 'Contact 24', '4165559093');
INSERT INTO CustomerContactInfo (customerID, contactPerson, contactNumber) VALUES (25, 'Contact 25', '4165552633');
INSERT INTO CustomerContactInfo (customerID, contactPerson, contactNumber) VALUES (26, 'Contact 26', '4165556302');
INSERT INTO CustomerContactInfo (customerID, contactPerson, contactNumber) VALUES (27, 'Contact 27', '4165556656');
INSERT INTO CustomerContactInfo (customerID, contactPerson, contactNumber) VALUES (28, 'Contact 28', '4165557224');
INSERT INTO CustomerContactInfo (customerID, contactPerson, contactNumber) VALUES (29, 'Contact 29', '4165557993');
INSERT INTO CustomerContactInfo (customerID, contactPerson, contactNumber) VALUES (30, 'Contact 30', '4165552026');
INSERT INTO CustomerContactInfo (customerID, contactPerson, contactNumber) VALUES (31, 'Contact 31', '4165558294');
INSERT INTO CustomerContactInfo (customerID, contactPerson, contactNumber) VALUES (32, 'Contact 32', '4165559089');
INSERT INTO CustomerContactInfo (customerID, contactPerson, contactNumber) VALUES (33, 'Contact 33', '4165554615');
INSERT INTO CustomerContactInfo (customerID, contactPerson, contactNumber) VALUES (34, 'Contact 34', '4165558987');
INSERT INTO CustomerContactInfo (customerID, contactPerson, contactNumber) VALUES (35, 'Contact 35', '4165556839');
INSERT INTO CustomerContactInfo (customerID, contactPerson, contactNumber) VALUES (36, 'Contact 36', '4165556150');
INSERT INTO CustomerContactInfo (customerID, contactPerson, contactNumber) VALUES (37, 'Contact 37', '4165551192');
INSERT INTO CustomerContactInfo (customerID, contactPerson, contactNumber) VALUES (38, 'Contact 38', '4165558516');
INSERT INTO CustomerContactInfo (customerID, contactPerson, contactNumber) VALUES (39, 'Contact 39', '4165559063');
INSERT INTO CustomerContactInfo (customerID, contactPerson, contactNumber) VALUES (40, 'Contact 40', '4165554369');
INSERT INTO CustomerContactInfo (customerID, contactPerson, contactNumber) VALUES (41, 'Contact 41', '4165559449');
INSERT INTO CustomerContactInfo (customerID, contactPerson, contactNumber) VALUES (42, 'Contact 42', '4165559418');
INSERT INTO CustomerContactInfo (customerID, contactPerson, contactNumber) VALUES (43, 'Contact 43', '4165555821');
INSERT INTO CustomerContactInfo (customerID, contactPerson, contactNumber) VALUES (44, 'Contact 44', '4165557502');
INSERT INTO CustomerContactInfo (customerID, contactPerson, contactNumber) VALUES (45, 'Contact 45', '4165551416');
INSERT INTO CustomerContactInfo (customerID, contactPerson, contactNumber) VALUES (46, 'Contact 46', '4165555660');
INSERT INTO CustomerContactInfo (customerID, contactPerson, contactNumber) VALUES (47, 'Contact 47', '4165553145');
INSERT INTO CustomerContactInfo (customerID, contactPerson, contactNumber) VALUES (48, 'Contact 48', '4165556885');
INSERT INTO CustomerContactInfo (customerID, contactPerson, contactNumber) VALUES (49, 'Contact 49', '4165553359');
INSERT INTO CustomerContactInfo (customerID, contactPerson, contactNumber) VALUES (50, 'Contact 50', '4165555627');
INSERT INTO CustomerContactInfo (customerID, contactPerson, contactNumber) VALUES (51, 'Contact 51', '4165553606');
INSERT INTO CustomerContactInfo (customerID, contactPerson, contactNumber) VALUES (52, 'Contact 52', '4165554879');
INSERT INTO CustomerContactInfo (customerID, contactPerson, contactNumber) VALUES (53, 'Contact 53', '4165558861');
INSERT INTO CustomerContactInfo (customerID, contactPerson, contactNumber) VALUES (54, 'Contact 54', '4165551837');
INSERT INTO CustomerContactInfo (customerID, contactPerson, contactNumber) VALUES (55, 'Contact 55', '4165555643');
INSERT INTO CustomerContactInfo (customerID, contactPerson, contactNumber) VALUES (56, 'Contact 56', '4165552839');
INSERT INTO CustomerContactInfo (customerID, contactPerson, contactNumber) VALUES (57, 'Contact 57', '4165554359');
INSERT INTO CustomerContactInfo (customerID, contactPerson, contactNumber) VALUES (58, 'Contact 58', '4165555684');
INSERT INTO CustomerContactInfo (customerID, contactPerson, contactNumber) VALUES (59, 'Contact 59', '4165558328');
INSERT INTO CustomerContactInfo (customerID, contactPerson, contactNumber) VALUES (60, 'Contact 60', '4165558789');
INSERT INTO CustomerContactInfo (customerID, contactPerson, contactNumber) VALUES (61, 'Contact 61', '4165558604');
INSERT INTO CustomerContactInfo (customerID, contactPerson, contactNumber) VALUES (62, 'Contact 62', '4165558407');
INSERT INTO CustomerContactInfo (customerID, contactPerson, contactNumber) VALUES (63, 'Contact 63', '4165558592');
INSERT INTO CustomerContactInfo (customerID, contactPerson, contactNumber) VALUES (64, 'Contact 64', '4165554245');
INSERT INTO CustomerContactInfo (customerID, contactPerson, contactNumber) VALUES (65, 'Contact 65', '4165552636');
INSERT INTO CustomerContactInfo (customerID, contactPerson, contactNumber) VALUES (66, 'Contact 66', '4165553625');
INSERT INTO CustomerContactInfo (customerID, contactPerson, contactNumber) VALUES (67, 'Contact 67', '4165554704');
INSERT INTO CustomerContactInfo (customerID, contactPerson, contactNumber) VALUES (68, 'Contact 68', '4165558705');
INSERT INTO CustomerContactInfo (customerID, contactPerson, contactNumber) VALUES (69, 'Contact 69', '4165556722');
INSERT INTO CustomerContactInfo (customerID, contactPerson, contactNumber) VALUES (70, 'Contact 70', '4165555215');
INSERT INTO CustomerContactInfo (customerID, contactPerson, contactNumber) VALUES (71, 'Contact 71', '4165558179');
INSERT INTO CustomerContactInfo (customerID, contactPerson, contactNumber) VALUES (72, 'Contact 72', '4165559203');
INSERT INTO CustomerContactInfo (customerID, contactPerson, contactNumber) VALUES (73, 'Contact 73', '4165555402');
INSERT INTO CustomerContactInfo (customerID, contactPerson, contactNumber) VALUES (74, 'Contact 74', '4165553005');
INSERT INTO CustomerContactInfo (customerID, contactPerson, contactNumber) VALUES (75, 'Contact 75', '4165551587');
INSERT INTO CustomerContactInfo (customerID, contactPerson, contactNumber) VALUES (76, 'Contact 76', '4165553009');
INSERT INTO CustomerContactInfo (customerID, contactPerson, contactNumber) VALUES (77, 'Contact 77', '4165554913');
INSERT INTO CustomerContactInfo (customerID, contactPerson, contactNumber) VALUES (78, 'Contact 78', '4165557180');
INSERT INTO CustomerContactInfo (customerID, contactPerson, contactNumber) VALUES (79, 'Contact 79', '4165554783');
INSERT INTO CustomerContactInfo (customerID, contactPerson, contactNumber) VALUES (80, 'Contact 80', '4165555301');
INSERT INTO CustomerContactInfo (customerID, contactPerson, contactNumber) VALUES (81, 'Contact 81', '4165558967');
INSERT INTO CustomerContactInfo (customerID, contactPerson, contactNumber) VALUES (82, 'Contact 82', '4165553059');
INSERT INTO CustomerContactInfo (customerID, contactPerson, contactNumber) VALUES (83, 'Contact 83', '4165559713');
INSERT INTO CustomerContactInfo (customerID, contactPerson, contactNumber) VALUES (84, 'Contact 84', '4165551555');
INSERT INTO CustomerContactInfo (customerID, contactPerson, contactNumber) VALUES (85, 'Contact 85', '4165559803');
INSERT INTO CustomerContactInfo (customerID, contactPerson, contactNumber) VALUES (86, 'Contact 86', '4165559658');
INSERT INTO CustomerContactInfo (customerID, contactPerson, contactNumber) VALUES (87, 'Contact 87', '4165556519');
INSERT INTO CustomerContactInfo (customerID, contactPerson, contactNumber) VALUES (88, 'Contact 88', '4165553025');
INSERT INTO CustomerContactInfo (customerID, contactPerson, contactNumber) VALUES (89, 'Contact 89', '4165552377');
INSERT INTO CustomerContactInfo (customerID, contactPerson, contactNumber) VALUES (90, 'Contact 90', '4165556533');
INSERT INTO CustomerContactInfo (customerID, contactPerson, contactNumber) VALUES (91, 'Contact 91', '4165557736');
INSERT INTO CustomerContactInfo (customerID, contactPerson, contactNumber) VALUES (92, 'Contact 92', '4165557355');
INSERT INTO CustomerContactInfo (customerID, contactPerson, contactNumber) VALUES (93, 'Contact 93', '4165555807');
INSERT INTO CustomerContactInfo (customerID, contactPerson, contactNumber) VALUES (94, 'Contact 94', '4165559859');
INSERT INTO CustomerContactInfo (customerID, contactPerson, contactNumber) VALUES (95, 'Contact 95', '4165556956');
INSERT INTO CustomerContactInfo (customerID, contactPerson, contactNumber) VALUES (96, 'Contact 96', '4165555948');
INSERT INTO CustomerContactInfo (customerID, contactPerson, contactNumber) VALUES (97, 'Contact 97', '4165558920');
INSERT INTO CustomerContactInfo (customerID, contactPerson, contactNumber) VALUES (98, 'Contact 98', '4165558682');
INSERT INTO CustomerContactInfo (customerID, contactPerson, contactNumber) VALUES (99, 'Contact 99', '4165553938');
INSERT INTO CustomerContactInfo (customerID, contactPerson, contactNumber) VALUES (100, 'Contact 100', '4165552692');

        INSERT INTO Shipment (supplierID, customerID, trailerID, loadWeight, typeOfProduct, deliveryType)
        VALUES (1, 1, 1, 1334, 'ProductType 1', 'DeliveryType 1');
        
        INSERT INTO Shipment (supplierID, customerID, trailerID, loadWeight, typeOfProduct, deliveryType)
        VALUES (2, 2, 2, 1893, 'ProductType 2', 'DeliveryType 2');
        
        INSERT INTO Shipment (supplierID, customerID, trailerID, loadWeight, typeOfProduct, deliveryType)
        VALUES (3, 3, 3, 1150, 'ProductType 3', 'DeliveryType 3');
        
        INSERT INTO Shipment (supplierID, customerID, trailerID, loadWeight, typeOfProduct, deliveryType)
        VALUES (4, 4, 4, 1395, 'ProductType 4', 'DeliveryType 4');
        
        INSERT INTO Shipment (supplierID, customerID, trailerID, loadWeight, typeOfProduct, deliveryType)
        VALUES (5, 5, 5, 2602, 'ProductType 5', 'DeliveryType 5');
        
        INSERT INTO Shipment (supplierID, customerID, trailerID, loadWeight, typeOfProduct, deliveryType)
        VALUES (6, 6, 6, 1199, 'ProductType 6', 'DeliveryType 6');
        
        INSERT INTO Shipment (supplierID, customerID, trailerID, loadWeight, typeOfProduct, deliveryType)
        VALUES (7, 7, 7, 910, 'ProductType 7', 'DeliveryType 7');
        
        INSERT INTO Shipment (supplierID, customerID, trailerID, loadWeight, typeOfProduct, deliveryType)
        VALUES (8, 8, 8, 1039, 'ProductType 8', 'DeliveryType 8');
        
        INSERT INTO Shipment (supplierID, customerID, trailerID, loadWeight, typeOfProduct, deliveryType)
        VALUES (9, 9, 9, 1426, 'ProductType 9', 'DeliveryType 9');
        
        INSERT INTO Shipment (supplierID, customerID, trailerID, loadWeight, typeOfProduct, deliveryType)
        VALUES (10, 10, 10, 2184, 'ProductType 10', 'DeliveryType 10');
        
        INSERT INTO Shipment (supplierID, customerID, trailerID, loadWeight, typeOfProduct, deliveryType)
        VALUES (11, 11, 11, 2707, 'ProductType 11', 'DeliveryType 11');
        
        INSERT INTO Shipment (supplierID, customerID, trailerID, loadWeight, typeOfProduct, deliveryType)
        VALUES (12, 12, 12, 1014, 'ProductType 12', 'DeliveryType 12');
        
        INSERT INTO Shipment (supplierID, customerID, trailerID, loadWeight, typeOfProduct, deliveryType)
        VALUES (13, 13, 13, 1090, 'ProductType 13', 'DeliveryType 13');
        
        INSERT INTO Shipment (supplierID, customerID, trailerID, loadWeight, typeOfProduct, deliveryType)
        VALUES (14, 14, 14, 2275, 'ProductType 14', 'DeliveryType 14');
        
        INSERT INTO Shipment (supplierID, customerID, trailerID, loadWeight, typeOfProduct, deliveryType)
        VALUES (15, 15, 15, 2560, 'ProductType 15', 'DeliveryType 15');
        
        INSERT INTO Shipment (supplierID, customerID, trailerID, loadWeight, typeOfProduct, deliveryType)
        VALUES (16, 16, 16, 662, 'ProductType 16', 'DeliveryType 16');
        
        INSERT INTO Shipment (supplierID, customerID, trailerID, loadWeight, typeOfProduct, deliveryType)
        VALUES (17, 17, 17, 1174, 'ProductType 17', 'DeliveryType 17');
        
        INSERT INTO Shipment (supplierID, customerID, trailerID, loadWeight, typeOfProduct, deliveryType)
        VALUES (18, 18, 18, 1144, 'ProductType 18', 'DeliveryType 18');
        
        INSERT INTO Shipment (supplierID, customerID, trailerID, loadWeight, typeOfProduct, deliveryType)
        VALUES (19, 19, 19, 2099, 'ProductType 19', 'DeliveryType 19');
        
        INSERT INTO Shipment (supplierID, customerID, trailerID, loadWeight, typeOfProduct, deliveryType)
        VALUES (20, 20, 20, 1986, 'ProductType 20', 'DeliveryType 20');
        
        INSERT INTO Shipment (supplierID, customerID, trailerID, loadWeight, typeOfProduct, deliveryType)
        VALUES (21, 21, 21, 2100, 'ProductType 21', 'DeliveryType 21');
        
        INSERT INTO Shipment (supplierID, customerID, trailerID, loadWeight, typeOfProduct, deliveryType)
        VALUES (22, 22, 22, 1006, 'ProductType 22', 'DeliveryType 22');
        
        INSERT INTO Shipment (supplierID, customerID, trailerID, loadWeight, typeOfProduct, deliveryType)
        VALUES (23, 23, 23, 1498, 'ProductType 23', 'DeliveryType 23');
        
        INSERT INTO Shipment (supplierID, customerID, trailerID, loadWeight, typeOfProduct, deliveryType)
        VALUES (24, 24, 24, 1271, 'ProductType 24', 'DeliveryType 24');
        
        INSERT INTO Shipment (supplierID, customerID, trailerID, loadWeight, typeOfProduct, deliveryType)
        VALUES (25, 25, 25, 1797, 'ProductType 25', 'DeliveryType 25');
        
        INSERT INTO Shipment (supplierID, customerID, trailerID, loadWeight, typeOfProduct, deliveryType)
        VALUES (26, 26, 26, 1199, 'ProductType 26', 'DeliveryType 26');
        
        INSERT INTO Shipment (supplierID, customerID, trailerID, loadWeight, typeOfProduct, deliveryType)
        VALUES (27, 27, 27, 1202, 'ProductType 27', 'DeliveryType 27');
        
        INSERT INTO Shipment (supplierID, customerID, trailerID, loadWeight, typeOfProduct, deliveryType)
        VALUES (28, 28, 28, 1414, 'ProductType 28', 'DeliveryType 28');
        
        INSERT INTO Shipment (supplierID, customerID, trailerID, loadWeight, typeOfProduct, deliveryType)
        VALUES (29, 29, 29, 1052, 'ProductType 29', 'DeliveryType 29');
        
        INSERT INTO Shipment (supplierID, customerID, trailerID, loadWeight, typeOfProduct, deliveryType)
        VALUES (30, 30, 30, 1951, 'ProductType 30', 'DeliveryType 30');
        
        INSERT INTO Shipment (supplierID, customerID, trailerID, loadWeight, typeOfProduct, deliveryType)
        VALUES (31, 31, 31, 553, 'ProductType 31', 'DeliveryType 31');
        
        INSERT INTO Shipment (supplierID, customerID, trailerID, loadWeight, typeOfProduct, deliveryType)
        VALUES (32, 32, 32, 1637, 'ProductType 32', 'DeliveryType 32');
        
        INSERT INTO Shipment (supplierID, customerID, trailerID, loadWeight, typeOfProduct, deliveryType)
        VALUES (33, 33, 33, 1215, 'ProductType 33', 'DeliveryType 33');
        
        INSERT INTO Shipment (supplierID, customerID, trailerID, loadWeight, typeOfProduct, deliveryType)
        VALUES (34, 34, 34, 2771, 'ProductType 34', 'DeliveryType 34');
        
        INSERT INTO Shipment (supplierID, customerID, trailerID, loadWeight, typeOfProduct, deliveryType)
        VALUES (35, 35, 35, 1521, 'ProductType 35', 'DeliveryType 35');
        
        INSERT INTO Shipment (supplierID, customerID, trailerID, loadWeight, typeOfProduct, deliveryType)
        VALUES (36, 36, 36, 833, 'ProductType 36', 'DeliveryType 36');
        
        INSERT INTO Shipment (supplierID, customerID, trailerID, loadWeight, typeOfProduct, deliveryType)
        VALUES (37, 37, 37, 829, 'ProductType 37', 'DeliveryType 37');
        
        INSERT INTO Shipment (supplierID, customerID, trailerID, loadWeight, typeOfProduct, deliveryType)
        VALUES (38, 38, 38, 1062, 'ProductType 38', 'DeliveryType 38');
        
        INSERT INTO Shipment (supplierID, customerID, trailerID, loadWeight, typeOfProduct, deliveryType)
        VALUES (39, 39, 39, 2910, 'ProductType 39', 'DeliveryType 39');
        
        INSERT INTO Shipment (supplierID, customerID, trailerID, loadWeight, typeOfProduct, deliveryType)
        VALUES (40, 40, 40, 2621, 'ProductType 40', 'DeliveryType 40');
        
        INSERT INTO Shipment (supplierID, customerID, trailerID, loadWeight, typeOfProduct, deliveryType)
        VALUES (41, 41, 41, 2995, 'ProductType 41', 'DeliveryType 41');
        
        INSERT INTO Shipment (supplierID, customerID, trailerID, loadWeight, typeOfProduct, deliveryType)
        VALUES (42, 42, 42, 1865, 'ProductType 42', 'DeliveryType 42');
        
        INSERT INTO Shipment (supplierID, customerID, trailerID, loadWeight, typeOfProduct, deliveryType)
        VALUES (43, 43, 43, 2554, 'ProductType 43', 'DeliveryType 43');
        
        INSERT INTO Shipment (supplierID, customerID, trailerID, loadWeight, typeOfProduct, deliveryType)
        VALUES (44, 44, 44, 2123, 'ProductType 44', 'DeliveryType 44');
        
        INSERT INTO Shipment (supplierID, customerID, trailerID, loadWeight, typeOfProduct, deliveryType)
        VALUES (45, 45, 45, 2859, 'ProductType 45', 'DeliveryType 45');
        
        INSERT INTO Shipment (supplierID, customerID, trailerID, loadWeight, typeOfProduct, deliveryType)
        VALUES (46, 46, 46, 1485, 'ProductType 46', 'DeliveryType 46');
        
        INSERT INTO Shipment (supplierID, customerID, trailerID, loadWeight, typeOfProduct, deliveryType)
        VALUES (47, 47, 47, 2756, 'ProductType 47', 'DeliveryType 47');
        
        INSERT INTO Shipment (supplierID, customerID, trailerID, loadWeight, typeOfProduct, deliveryType)
        VALUES (48, 48, 48, 1991, 'ProductType 48', 'DeliveryType 48');
        
        INSERT INTO Shipment (supplierID, customerID, trailerID, loadWeight, typeOfProduct, deliveryType)
        VALUES (49, 49, 49, 2817, 'ProductType 49', 'DeliveryType 49');
        
        INSERT INTO Shipment (supplierID, customerID, trailerID, loadWeight, typeOfProduct, deliveryType)
        VALUES (50, 50, 50, 1529, 'ProductType 50', 'DeliveryType 50');
        
        INSERT INTO Shipment (supplierID, customerID, trailerID, loadWeight, typeOfProduct, deliveryType)
        VALUES (51, 51, 51, 2854, 'ProductType 51', 'DeliveryType 51');
        
        INSERT INTO Shipment (supplierID, customerID, trailerID, loadWeight, typeOfProduct, deliveryType)
        VALUES (52, 52, 52, 1181, 'ProductType 52', 'DeliveryType 52');
        
        INSERT INTO Shipment (supplierID, customerID, trailerID, loadWeight, typeOfProduct, deliveryType)
        VALUES (53, 53, 53, 2420, 'ProductType 53', 'DeliveryType 53');
        
        INSERT INTO Shipment (supplierID, customerID, trailerID, loadWeight, typeOfProduct, deliveryType)
        VALUES (54, 54, 54, 2664, 'ProductType 54', 'DeliveryType 54');
        
        INSERT INTO Shipment (supplierID, customerID, trailerID, loadWeight, typeOfProduct, deliveryType)
        VALUES (55, 55, 55, 1425, 'ProductType 55', 'DeliveryType 55');
        
        INSERT INTO Shipment (supplierID, customerID, trailerID, loadWeight, typeOfProduct, deliveryType)
        VALUES (56, 56, 56, 996, 'ProductType 56', 'DeliveryType 56');
        
        INSERT INTO Shipment (supplierID, customerID, trailerID, loadWeight, typeOfProduct, deliveryType)
        VALUES (57, 57, 57, 2538, 'ProductType 57', 'DeliveryType 57');
        
        INSERT INTO Shipment (supplierID, customerID, trailerID, loadWeight, typeOfProduct, deliveryType)
        VALUES (58, 58, 58, 1767, 'ProductType 58', 'DeliveryType 58');
        
        INSERT INTO Shipment (supplierID, customerID, trailerID, loadWeight, typeOfProduct, deliveryType)
        VALUES (59, 59, 59, 2004, 'ProductType 59', 'DeliveryType 59');
        
        INSERT INTO Shipment (supplierID, customerID, trailerID, loadWeight, typeOfProduct, deliveryType)
        VALUES (60, 60, 60, 1792, 'ProductType 60', 'DeliveryType 60');
        
        INSERT INTO Shipment (supplierID, customerID, trailerID, loadWeight, typeOfProduct, deliveryType)
        VALUES (61, 61, 61, 591, 'ProductType 61', 'DeliveryType 61');
        
        INSERT INTO Shipment (supplierID, customerID, trailerID, loadWeight, typeOfProduct, deliveryType)
        VALUES (62, 62, 62, 1448, 'ProductType 62', 'DeliveryType 62');
        
        INSERT INTO Shipment (supplierID, customerID, trailerID, loadWeight, typeOfProduct, deliveryType)
        VALUES (63, 63, 63, 1924, 'ProductType 63', 'DeliveryType 63');
        
        INSERT INTO Shipment (supplierID, customerID, trailerID, loadWeight, typeOfProduct, deliveryType)
        VALUES (64, 64, 64, 803, 'ProductType 64', 'DeliveryType 64');
        
        INSERT INTO Shipment (supplierID, customerID, trailerID, loadWeight, typeOfProduct, deliveryType)
        VALUES (65, 65, 65, 1635, 'ProductType 65', 'DeliveryType 65');
        
        INSERT INTO Shipment (supplierID, customerID, trailerID, loadWeight, typeOfProduct, deliveryType)
        VALUES (66, 66, 66, 919, 'ProductType 66', 'DeliveryType 66');
        
        INSERT INTO Shipment (supplierID, customerID, trailerID, loadWeight, typeOfProduct, deliveryType)
        VALUES (67, 67, 67, 1958, 'ProductType 67', 'DeliveryType 67');
        
        INSERT INTO Shipment (supplierID, customerID, trailerID, loadWeight, typeOfProduct, deliveryType)
        VALUES (68, 68, 68, 1619, 'ProductType 68', 'DeliveryType 68');
        
        INSERT INTO Shipment (supplierID, customerID, trailerID, loadWeight, typeOfProduct, deliveryType)
        VALUES (69, 69, 69, 2115, 'ProductType 69', 'DeliveryType 69');
        
        INSERT INTO Shipment (supplierID, customerID, trailerID, loadWeight, typeOfProduct, deliveryType)
        VALUES (70, 70, 70, 2120, 'ProductType 70', 'DeliveryType 70');
        
        INSERT INTO Shipment (supplierID, customerID, trailerID, loadWeight, typeOfProduct, deliveryType)
        VALUES (71, 71, 71, 1483, 'ProductType 71', 'DeliveryType 71');
        
        INSERT INTO Shipment (supplierID, customerID, trailerID, loadWeight, typeOfProduct, deliveryType)
        VALUES (72, 72, 72, 2681, 'ProductType 72', 'DeliveryType 72');
        
        INSERT INTO Shipment (supplierID, customerID, trailerID, loadWeight, typeOfProduct, deliveryType)
        VALUES (73, 73, 73, 2206, 'ProductType 73', 'DeliveryType 73');
        
        INSERT INTO Shipment (supplierID, customerID, trailerID, loadWeight, typeOfProduct, deliveryType)
        VALUES (74, 74, 74, 561, 'ProductType 74', 'DeliveryType 74');
        
        INSERT INTO Shipment (supplierID, customerID, trailerID, loadWeight, typeOfProduct, deliveryType)
        VALUES (75, 75, 75, 1760, 'ProductType 75', 'DeliveryType 75');
        
        INSERT INTO Shipment (supplierID, customerID, trailerID, loadWeight, typeOfProduct, deliveryType)
        VALUES (76, 76, 76, 2945, 'ProductType 76', 'DeliveryType 76');
        
        INSERT INTO Shipment (supplierID, customerID, trailerID, loadWeight, typeOfProduct, deliveryType)
        VALUES (77, 77, 77, 1313, 'ProductType 77', 'DeliveryType 77');
        
        INSERT INTO Shipment (supplierID, customerID, trailerID, loadWeight, typeOfProduct, deliveryType)
        VALUES (78, 78, 78, 1427, 'ProductType 78', 'DeliveryType 78');
        
        INSERT INTO Shipment (supplierID, customerID, trailerID, loadWeight, typeOfProduct, deliveryType)
        VALUES (79, 79, 79, 2453, 'ProductType 79', 'DeliveryType 79');
        
        INSERT INTO Shipment (supplierID, customerID, trailerID, loadWeight, typeOfProduct, deliveryType)
        VALUES (80, 80, 80, 2898, 'ProductType 80', 'DeliveryType 80');
        
        INSERT INTO Shipment (supplierID, customerID, trailerID, loadWeight, typeOfProduct, deliveryType)
        VALUES (81, 81, 81, 1217, 'ProductType 81', 'DeliveryType 81');
        
        INSERT INTO Shipment (supplierID, customerID, trailerID, loadWeight, typeOfProduct, deliveryType)
        VALUES (82, 82, 82, 1550, 'ProductType 82', 'DeliveryType 82');
        
        INSERT INTO Shipment (supplierID, customerID, trailerID, loadWeight, typeOfProduct, deliveryType)
        VALUES (83, 83, 83, 671, 'ProductType 83', 'DeliveryType 83');
        
        INSERT INTO Shipment (supplierID, customerID, trailerID, loadWeight, typeOfProduct, deliveryType)
        VALUES (84, 84, 84, 2962, 'ProductType 84', 'DeliveryType 84');
        
        INSERT INTO Shipment (supplierID, customerID, trailerID, loadWeight, typeOfProduct, deliveryType)
        VALUES (85, 85, 85, 2949, 'ProductType 85', 'DeliveryType 85');
        
        INSERT INTO Shipment (supplierID, customerID, trailerID, loadWeight, typeOfProduct, deliveryType)
        VALUES (86, 86, 86, 1233, 'ProductType 86', 'DeliveryType 86');
        
        INSERT INTO Shipment (supplierID, customerID, trailerID, loadWeight, typeOfProduct, deliveryType)
        VALUES (87, 87, 87, 2483, 'ProductType 87', 'DeliveryType 87');
        
        INSERT INTO Shipment (supplierID, customerID, trailerID, loadWeight, typeOfProduct, deliveryType)
        VALUES (88, 88, 88, 865, 'ProductType 88', 'DeliveryType 88');
        
        INSERT INTO Shipment (supplierID, customerID, trailerID, loadWeight, typeOfProduct, deliveryType)
        VALUES (89, 89, 89, 1531, 'ProductType 89', 'DeliveryType 89');
        
        INSERT INTO Shipment (supplierID, customerID, trailerID, loadWeight, typeOfProduct, deliveryType)
        VALUES (90, 90, 90, 2298, 'ProductType 90', 'DeliveryType 90');
        
        INSERT INTO Shipment (supplierID, customerID, trailerID, loadWeight, typeOfProduct, deliveryType)
        VALUES (91, 91, 91, 906, 'ProductType 91', 'DeliveryType 91');
        
        INSERT INTO Shipment (supplierID, customerID, trailerID, loadWeight, typeOfProduct, deliveryType)
        VALUES (92, 92, 92, 2927, 'ProductType 92', 'DeliveryType 92');
        
        INSERT INTO Shipment (supplierID, customerID, trailerID, loadWeight, typeOfProduct, deliveryType)
        VALUES (93, 93, 93, 952, 'ProductType 93', 'DeliveryType 93');
        
        INSERT INTO Shipment (supplierID, customerID, trailerID, loadWeight, typeOfProduct, deliveryType)
        VALUES (94, 94, 94, 2987, 'ProductType 94', 'DeliveryType 94');
        
        INSERT INTO Shipment (supplierID, customerID, trailerID, loadWeight, typeOfProduct, deliveryType)
        VALUES (95, 95, 95, 2121, 'ProductType 95', 'DeliveryType 95');
        
        INSERT INTO Shipment (supplierID, customerID, trailerID, loadWeight, typeOfProduct, deliveryType)
        VALUES (96, 96, 96, 648, 'ProductType 96', 'DeliveryType 96');
        
        INSERT INTO Shipment (supplierID, customerID, trailerID, loadWeight, typeOfProduct, deliveryType)
        VALUES (97, 97, 97, 903, 'ProductType 97', 'DeliveryType 97');
        
        INSERT INTO Shipment (supplierID, customerID, trailerID, loadWeight, typeOfProduct, deliveryType)
        VALUES (98, 98, 98, 1485, 'ProductType 98', 'DeliveryType 98');
        
        INSERT INTO Shipment (supplierID, customerID, trailerID, loadWeight, typeOfProduct, deliveryType)
        VALUES (99, 99, 99, 2951, 'ProductType 99', 'DeliveryType 99');
        
        INSERT INTO Shipment (supplierID, customerID, trailerID, loadWeight, typeOfProduct, deliveryType)
        VALUES (100, 100, 100, 769, 'ProductType 100', 'DeliveryType 100');
        
        INSERT INTO Route (driverID, shipmentID, truckID, trailerID, pickupLongitude, pickupLattitude, pickupTime)
        VALUES (1, 1, 1, 1, -101.783544, 82.422075, '2016-07-21 00:00:00');
        
        INSERT INTO Route (driverID, shipmentID, truckID, trailerID, pickupLongitude, pickupLattitude, pickupTime)
        VALUES (2, 2, 2, 2, 107.436061, -38.623655, '2020-04-01 00:00:00');
        
        INSERT INTO Route (driverID, shipmentID, truckID, trailerID, pickupLongitude, pickupLattitude, pickupTime)
        VALUES (3, 3, 3, 3, -54.225662, -8.020507, '2017-07-31 00:00:00');
        
        INSERT INTO Route (driverID, shipmentID, truckID, trailerID, pickupLongitude, pickupLattitude, pickupTime)
        VALUES (4, 4, 4, 4, 61.218192, -17.584885, '2015-11-18 00:00:00');
        
        INSERT INTO Route (driverID, shipmentID, truckID, trailerID, pickupLongitude, pickupLattitude, pickupTime)
        VALUES (5, 5, 5, 5, -24.762629, -25.395907, '2015-03-22 00:00:00');
        
        INSERT INTO Route (driverID, shipmentID, truckID, trailerID, pickupLongitude, pickupLattitude, pickupTime)
        VALUES (6, 6, 6, 6, -50.010367, -26.864759, '2017-06-03 00:00:00');
        
        INSERT INTO Route (driverID, shipmentID, truckID, trailerID, pickupLongitude, pickupLattitude, pickupTime)
        VALUES (7, 7, 7, 7, -140.138332, -31.013436, '2017-09-16 00:00:00');
        
        INSERT INTO Route (driverID, shipmentID, truckID, trailerID, pickupLongitude, pickupLattitude, pickupTime)
        VALUES (8, 8, 8, 8, 62.787120, -39.171157, '2018-11-05 00:00:00');
        
        INSERT INTO Route (driverID, shipmentID, truckID, trailerID, pickupLongitude, pickupLattitude, pickupTime)
        VALUES (9, 9, 9, 9, -43.221230, 48.370850, '2016-11-06 00:00:00');
        
        INSERT INTO Route (driverID, shipmentID, truckID, trailerID, pickupLongitude, pickupLattitude, pickupTime)
        VALUES (10, 10, 10, 10, -152.229158, -12.286283, '2016-03-10 00:00:00');
        
        INSERT INTO Route (driverID, shipmentID, truckID, trailerID, pickupLongitude, pickupLattitude, pickupTime)
        VALUES (11, 11, 11, 11, 148.054610, -39.936914, '2015-05-15 00:00:00');
        
        INSERT INTO Route (driverID, shipmentID, truckID, trailerID, pickupLongitude, pickupLattitude, pickupTime)
        VALUES (12, 12, 12, 12, 101.377041, 81.883739, '2019-12-03 00:00:00');
        
        INSERT INTO Route (driverID, shipmentID, truckID, trailerID, pickupLongitude, pickupLattitude, pickupTime)
        VALUES (13, 13, 13, 13, -51.566823, 14.502713, '2020-12-29 00:00:00');
        
        INSERT INTO Route (driverID, shipmentID, truckID, trailerID, pickupLongitude, pickupLattitude, pickupTime)
        VALUES (14, 14, 14, 14, -133.987740, -56.227028, '2018-07-01 00:00:00');
        
        INSERT INTO Route (driverID, shipmentID, truckID, trailerID, pickupLongitude, pickupLattitude, pickupTime)
        VALUES (15, 15, 15, 15, 49.870415, 10.261493, '2020-10-25 00:00:00');
        
        INSERT INTO Route (driverID, shipmentID, truckID, trailerID, pickupLongitude, pickupLattitude, pickupTime)
        VALUES (16, 16, 16, 16, 113.355379, -42.770683, '2021-11-10 00:00:00');
        
        INSERT INTO Route (driverID, shipmentID, truckID, trailerID, pickupLongitude, pickupLattitude, pickupTime)
        VALUES (17, 17, 17, 17, 86.186061, 4.058320, '2016-08-06 00:00:00');
        
        INSERT INTO Route (driverID, shipmentID, truckID, trailerID, pickupLongitude, pickupLattitude, pickupTime)
        VALUES (18, 18, 18, 18, 109.453249, -1.903532, '2015-07-19 00:00:00');
        
        INSERT INTO Route (driverID, shipmentID, truckID, trailerID, pickupLongitude, pickupLattitude, pickupTime)
        VALUES (19, 19, 19, 19, -118.744370, -79.936641, '2017-01-26 00:00:00');
        
        INSERT INTO Route (driverID, shipmentID, truckID, trailerID, pickupLongitude, pickupLattitude, pickupTime)
        VALUES (20, 20, 20, 20, -116.169558, -71.609528, '2020-03-17 00:00:00');
        
        INSERT INTO Route (driverID, shipmentID, truckID, trailerID, pickupLongitude, pickupLattitude, pickupTime)
        VALUES (21, 21, 21, 21, -125.167536, 2.330110, '2015-04-04 00:00:00');
        
        INSERT INTO Route (driverID, shipmentID, truckID, trailerID, pickupLongitude, pickupLattitude, pickupTime)
        VALUES (22, 22, 22, 22, -111.038768, -51.535903, '2015-02-02 00:00:00');
        
        INSERT INTO Route (driverID, shipmentID, truckID, trailerID, pickupLongitude, pickupLattitude, pickupTime)
        VALUES (23, 23, 23, 23, 6.504953, 69.091024, '2015-07-17 00:00:00');
        
        INSERT INTO Route (driverID, shipmentID, truckID, trailerID, pickupLongitude, pickupLattitude, pickupTime)
        VALUES (24, 24, 24, 24, -63.272425, 27.099503, '2021-04-15 00:00:00');
        
        INSERT INTO Route (driverID, shipmentID, truckID, trailerID, pickupLongitude, pickupLattitude, pickupTime)
        VALUES (25, 25, 25, 25, -150.114302, 85.531149, '2017-06-06 00:00:00');
        
        INSERT INTO Route (driverID, shipmentID, truckID, trailerID, pickupLongitude, pickupLattitude, pickupTime)
        VALUES (26, 26, 26, 26, -72.161637, 20.742565, '2020-08-20 00:00:00');
        
        INSERT INTO Route (driverID, shipmentID, truckID, trailerID, pickupLongitude, pickupLattitude, pickupTime)
        VALUES (27, 27, 27, 27, 139.989545, -84.603103, '2020-09-23 00:00:00');
        
        INSERT INTO Route (driverID, shipmentID, truckID, trailerID, pickupLongitude, pickupLattitude, pickupTime)
        VALUES (28, 28, 28, 28, 39.366675, 40.518634, '2018-03-30 00:00:00');
        
        INSERT INTO Route (driverID, shipmentID, truckID, trailerID, pickupLongitude, pickupLattitude, pickupTime)
        VALUES (29, 29, 29, 29, 38.550094, 18.861263, '2019-07-09 00:00:00');
        
        INSERT INTO Route (driverID, shipmentID, truckID, trailerID, pickupLongitude, pickupLattitude, pickupTime)
        VALUES (30, 30, 30, 30, 178.482546, -58.021915, '2016-11-25 00:00:00');
        
        INSERT INTO Route (driverID, shipmentID, truckID, trailerID, pickupLongitude, pickupLattitude, pickupTime)
        VALUES (31, 31, 31, 31, -146.900847, 28.822429, '2018-11-27 00:00:00');
        
        INSERT INTO Route (driverID, shipmentID, truckID, trailerID, pickupLongitude, pickupLattitude, pickupTime)
        VALUES (32, 32, 32, 32, 177.697854, -0.817749, '2017-01-12 00:00:00');
        
        INSERT INTO Route (driverID, shipmentID, truckID, trailerID, pickupLongitude, pickupLattitude, pickupTime)
        VALUES (33, 33, 33, 33, 65.179314, -24.806216, '2019-06-16 00:00:00');
        
        INSERT INTO Route (driverID, shipmentID, truckID, trailerID, pickupLongitude, pickupLattitude, pickupTime)
        VALUES (34, 34, 34, 34, 177.481219, -40.381727, '2021-11-24 00:00:00');
        
        INSERT INTO Route (driverID, shipmentID, truckID, trailerID, pickupLongitude, pickupLattitude, pickupTime)
        VALUES (35, 35, 35, 35, -92.029563, -28.792707, '2016-10-29 00:00:00');
        
        INSERT INTO Route (driverID, shipmentID, truckID, trailerID, pickupLongitude, pickupLattitude, pickupTime)
        VALUES (36, 36, 36, 36, 170.040543, -81.977944, '2016-04-14 00:00:00');
        
        INSERT INTO Route (driverID, shipmentID, truckID, trailerID, pickupLongitude, pickupLattitude, pickupTime)
        VALUES (37, 37, 37, 37, -92.547429, 52.283040, '2016-10-27 00:00:00');
        
        INSERT INTO Route (driverID, shipmentID, truckID, trailerID, pickupLongitude, pickupLattitude, pickupTime)
        VALUES (38, 38, 38, 38, -101.615986, -89.488849, '2016-11-24 00:00:00');
        
        INSERT INTO Route (driverID, shipmentID, truckID, trailerID, pickupLongitude, pickupLattitude, pickupTime)
        VALUES (39, 39, 39, 39, 122.163002, 78.711201, '2015-11-23 00:00:00');
        
        INSERT INTO Route (driverID, shipmentID, truckID, trailerID, pickupLongitude, pickupLattitude, pickupTime)
        VALUES (40, 40, 40, 40, 40.347501, -25.210559, '2021-04-23 00:00:00');
        
        INSERT INTO Route (driverID, shipmentID, truckID, trailerID, pickupLongitude, pickupLattitude, pickupTime)
        VALUES (41, 41, 41, 41, 110.337150, -80.965951, '2020-03-18 00:00:00');
        
        INSERT INTO Route (driverID, shipmentID, truckID, trailerID, pickupLongitude, pickupLattitude, pickupTime)
        VALUES (42, 42, 42, 42, 115.801635, 63.496543, '2016-07-31 00:00:00');
        
        INSERT INTO Route (driverID, shipmentID, truckID, trailerID, pickupLongitude, pickupLattitude, pickupTime)
        VALUES (43, 43, 43, 43, 135.040573, 32.728620, '2019-03-12 00:00:00');
        
        INSERT INTO Route (driverID, shipmentID, truckID, trailerID, pickupLongitude, pickupLattitude, pickupTime)
        VALUES (44, 44, 44, 44, 108.478150, -32.211524, '2021-10-31 00:00:00');
        
        INSERT INTO Route (driverID, shipmentID, truckID, trailerID, pickupLongitude, pickupLattitude, pickupTime)
        VALUES (45, 45, 45, 45, -110.883333, 25.306524, '2017-11-03 00:00:00');
        
        INSERT INTO Route (driverID, shipmentID, truckID, trailerID, pickupLongitude, pickupLattitude, pickupTime)
        VALUES (46, 46, 46, 46, -76.653497, 26.199239, '2018-08-16 00:00:00');
        
        INSERT INTO Route (driverID, shipmentID, truckID, trailerID, pickupLongitude, pickupLattitude, pickupTime)
        VALUES (47, 47, 47, 47, -5.449872, 79.973080, '2018-01-05 00:00:00');
        
        INSERT INTO Route (driverID, shipmentID, truckID, trailerID, pickupLongitude, pickupLattitude, pickupTime)
        VALUES (48, 48, 48, 48, 85.309003, -21.083319, '2017-05-29 00:00:00');
        
        INSERT INTO Route (driverID, shipmentID, truckID, trailerID, pickupLongitude, pickupLattitude, pickupTime)
        VALUES (49, 49, 49, 49, -143.590811, -53.290243, '2020-03-26 00:00:00');
        
        INSERT INTO Route (driverID, shipmentID, truckID, trailerID, pickupLongitude, pickupLattitude, pickupTime)
        VALUES (50, 50, 50, 50, -159.245358, 53.306859, '2018-08-17 00:00:00');
        
        INSERT INTO Route (driverID, shipmentID, truckID, trailerID, pickupLongitude, pickupLattitude, pickupTime)
        VALUES (51, 51, 51, 51, -127.038007, 68.802302, '2019-07-27 00:00:00');
        
        INSERT INTO Route (driverID, shipmentID, truckID, trailerID, pickupLongitude, pickupLattitude, pickupTime)
        VALUES (52, 52, 52, 52, -48.263226, 40.163045, '2022-12-28 00:00:00');
        
        INSERT INTO Route (driverID, shipmentID, truckID, trailerID, pickupLongitude, pickupLattitude, pickupTime)
        VALUES (53, 53, 53, 53, 51.346882, 71.078678, '2017-07-06 00:00:00');
        
        INSERT INTO Route (driverID, shipmentID, truckID, trailerID, pickupLongitude, pickupLattitude, pickupTime)
        VALUES (54, 54, 54, 54, 92.608418, -3.677042, '2022-11-10 00:00:00');
        
        INSERT INTO Route (driverID, shipmentID, truckID, trailerID, pickupLongitude, pickupLattitude, pickupTime)
        VALUES (55, 55, 55, 55, -6.262625, 36.266819, '2015-10-27 00:00:00');
        
        INSERT INTO Route (driverID, shipmentID, truckID, trailerID, pickupLongitude, pickupLattitude, pickupTime)
        VALUES (56, 56, 56, 56, 58.967849, 20.994815, '2021-05-17 00:00:00');
        
        INSERT INTO Route (driverID, shipmentID, truckID, trailerID, pickupLongitude, pickupLattitude, pickupTime)
        VALUES (57, 57, 57, 57, 145.216981, -87.589081, '2019-11-29 00:00:00');
        
        INSERT INTO Route (driverID, shipmentID, truckID, trailerID, pickupLongitude, pickupLattitude, pickupTime)
        VALUES (58, 58, 58, 58, -124.368292, -58.981516, '2016-05-14 00:00:00');
        
        INSERT INTO Route (driverID, shipmentID, truckID, trailerID, pickupLongitude, pickupLattitude, pickupTime)
        VALUES (59, 59, 59, 59, -3.312292, 3.074818, '2016-01-09 00:00:00');
        
        INSERT INTO Route (driverID, shipmentID, truckID, trailerID, pickupLongitude, pickupLattitude, pickupTime)
        VALUES (60, 60, 60, 60, -1.838895, -43.489143, '2022-06-26 00:00:00');
        
        INSERT INTO Route (driverID, shipmentID, truckID, trailerID, pickupLongitude, pickupLattitude, pickupTime)
        VALUES (61, 61, 61, 61, 132.629360, -28.827391, '2018-01-26 00:00:00');
        
        INSERT INTO Route (driverID, shipmentID, truckID, trailerID, pickupLongitude, pickupLattitude, pickupTime)
        VALUES (62, 62, 62, 62, 175.891666, 70.678523, '2017-07-15 00:00:00');
        
        INSERT INTO Route (driverID, shipmentID, truckID, trailerID, pickupLongitude, pickupLattitude, pickupTime)
        VALUES (63, 63, 63, 63, -87.493305, -24.538358, '2017-09-18 00:00:00');
        
        INSERT INTO Route (driverID, shipmentID, truckID, trailerID, pickupLongitude, pickupLattitude, pickupTime)
        VALUES (64, 64, 64, 64, 119.182876, -44.956069, '2021-04-01 00:00:00');
        
        INSERT INTO Route (driverID, shipmentID, truckID, trailerID, pickupLongitude, pickupLattitude, pickupTime)
        VALUES (65, 65, 65, 65, 159.480270, 64.089163, '2015-08-30 00:00:00');
        
        INSERT INTO Route (driverID, shipmentID, truckID, trailerID, pickupLongitude, pickupLattitude, pickupTime)
        VALUES (66, 66, 66, 66, -163.351138, 89.685607, '2015-04-18 00:00:00');
        
        INSERT INTO Route (driverID, shipmentID, truckID, trailerID, pickupLongitude, pickupLattitude, pickupTime)
        VALUES (67, 67, 67, 67, -121.849430, -78.110326, '2022-06-01 00:00:00');
        
        INSERT INTO Route (driverID, shipmentID, truckID, trailerID, pickupLongitude, pickupLattitude, pickupTime)
        VALUES (68, 68, 68, 68, -27.654208, -30.374820, '2022-12-06 00:00:00');
        
        INSERT INTO Route (driverID, shipmentID, truckID, trailerID, pickupLongitude, pickupLattitude, pickupTime)
        VALUES (69, 69, 69, 69, 13.227336, 75.923414, '2018-10-30 00:00:00');
        
        INSERT INTO Route (driverID, shipmentID, truckID, trailerID, pickupLongitude, pickupLattitude, pickupTime)
        VALUES (70, 70, 70, 70, -40.713042, -85.477441, '2020-02-26 00:00:00');
        
        INSERT INTO Route (driverID, shipmentID, truckID, trailerID, pickupLongitude, pickupLattitude, pickupTime)
        VALUES (71, 71, 71, 71, 70.027573, -48.139025, '2021-01-12 00:00:00');
        
        INSERT INTO Route (driverID, shipmentID, truckID, trailerID, pickupLongitude, pickupLattitude, pickupTime)
        VALUES (72, 72, 72, 72, -76.757830, -52.778014, '2019-05-29 00:00:00');
        
        INSERT INTO Route (driverID, shipmentID, truckID, trailerID, pickupLongitude, pickupLattitude, pickupTime)
        VALUES (73, 73, 73, 73, -144.237142, 17.815778, '2021-10-18 00:00:00');
        
        INSERT INTO Route (driverID, shipmentID, truckID, trailerID, pickupLongitude, pickupLattitude, pickupTime)
        VALUES (74, 74, 74, 74, 132.619549, -83.644525, '2015-01-01 00:00:00');
        
        INSERT INTO Route (driverID, shipmentID, truckID, trailerID, pickupLongitude, pickupLattitude, pickupTime)
        VALUES (75, 75, 75, 75, -146.979795, 50.995716, '2018-03-14 00:00:00');
        
        INSERT INTO Route (driverID, shipmentID, truckID, trailerID, pickupLongitude, pickupLattitude, pickupTime)
        VALUES (76, 76, 76, 76, 21.706337, 63.279755, '2022-07-27 00:00:00');
        
        INSERT INTO Route (driverID, shipmentID, truckID, trailerID, pickupLongitude, pickupLattitude, pickupTime)
        VALUES (77, 77, 77, 77, -124.787335, -13.409106, '2021-12-03 00:00:00');
        
        INSERT INTO Route (driverID, shipmentID, truckID, trailerID, pickupLongitude, pickupLattitude, pickupTime)
        VALUES (78, 78, 78, 78, 94.250912, -42.711773, '2015-03-30 00:00:00');
        
        INSERT INTO Route (driverID, shipmentID, truckID, trailerID, pickupLongitude, pickupLattitude, pickupTime)
        VALUES (79, 79, 79, 79, 2.546690, -12.325208, '2022-05-05 00:00:00');
        
        INSERT INTO Route (driverID, shipmentID, truckID, trailerID, pickupLongitude, pickupLattitude, pickupTime)
        VALUES (80, 80, 80, 80, 151.059510, 3.765730, '2018-01-25 00:00:00');
        
        INSERT INTO Route (driverID, shipmentID, truckID, trailerID, pickupLongitude, pickupLattitude, pickupTime)
        VALUES (81, 81, 81, 81, 164.549389, -41.582532, '2016-09-28 00:00:00');
        
        INSERT INTO Route (driverID, shipmentID, truckID, trailerID, pickupLongitude, pickupLattitude, pickupTime)
        VALUES (82, 82, 82, 82, -159.781885, -41.239687, '2018-10-12 00:00:00');
        
        INSERT INTO Route (driverID, shipmentID, truckID, trailerID, pickupLongitude, pickupLattitude, pickupTime)
        VALUES (83, 83, 83, 83, 163.965053, -73.332005, '2017-08-02 00:00:00');
        
        INSERT INTO Route (driverID, shipmentID, truckID, trailerID, pickupLongitude, pickupLattitude, pickupTime)
        VALUES (84, 84, 84, 84, 29.347148, 51.707248, '2015-07-15 00:00:00');
        
        INSERT INTO Route (driverID, shipmentID, truckID, trailerID, pickupLongitude, pickupLattitude, pickupTime)
        VALUES (85, 85, 85, 85, 123.966636, -66.831296, '2015-10-13 00:00:00');
        
        INSERT INTO Route (driverID, shipmentID, truckID, trailerID, pickupLongitude, pickupLattitude, pickupTime)
        VALUES (86, 86, 86, 86, -72.396826, 67.223514, '2020-04-25 00:00:00');
        
        INSERT INTO Route (driverID, shipmentID, truckID, trailerID, pickupLongitude, pickupLattitude, pickupTime)
        VALUES (87, 87, 87, 87, 107.012621, -3.926741, '2020-04-14 00:00:00');
        
        INSERT INTO Route (driverID, shipmentID, truckID, trailerID, pickupLongitude, pickupLattitude, pickupTime)
        VALUES (88, 88, 88, 88, 5.165345, 56.432787, '2018-09-03 00:00:00');
        
        INSERT INTO Route (driverID, shipmentID, truckID, trailerID, pickupLongitude, pickupLattitude, pickupTime)
        VALUES (89, 89, 89, 89, -57.216849, -23.049706, '2020-05-07 00:00:00');
        
        INSERT INTO Route (driverID, shipmentID, truckID, trailerID, pickupLongitude, pickupLattitude, pickupTime)
        VALUES (90, 90, 90, 90, 88.511820, -3.877596, '2016-08-19 00:00:00');
        
        INSERT INTO Route (driverID, shipmentID, truckID, trailerID, pickupLongitude, pickupLattitude, pickupTime)
        VALUES (91, 91, 91, 91, 154.582392, -5.684115, '2019-07-08 00:00:00');
        
        INSERT INTO Route (driverID, shipmentID, truckID, trailerID, pickupLongitude, pickupLattitude, pickupTime)
        VALUES (92, 92, 92, 92, -142.542719, 17.446193, '2016-12-14 00:00:00');
        
        INSERT INTO Route (driverID, shipmentID, truckID, trailerID, pickupLongitude, pickupLattitude, pickupTime)
        VALUES (93, 93, 93, 93, -5.903959, -79.630912, '2020-04-29 00:00:00');
        
        INSERT INTO Route (driverID, shipmentID, truckID, trailerID, pickupLongitude, pickupLattitude, pickupTime)
        VALUES (94, 94, 94, 94, 61.281651, 59.637260, '2019-09-25 00:00:00');
        
        INSERT INTO Route (driverID, shipmentID, truckID, trailerID, pickupLongitude, pickupLattitude, pickupTime)
        VALUES (95, 95, 95, 95, 27.994765, 8.590218, '2018-12-19 00:00:00');
        
        INSERT INTO Route (driverID, shipmentID, truckID, trailerID, pickupLongitude, pickupLattitude, pickupTime)
        VALUES (96, 96, 96, 96, -141.434979, 0.153400, '2019-06-04 00:00:00');
        
        INSERT INTO Route (driverID, shipmentID, truckID, trailerID, pickupLongitude, pickupLattitude, pickupTime)
        VALUES (97, 97, 97, 97, -156.700701, -2.460056, '2021-02-07 00:00:00');
        
        INSERT INTO Route (driverID, shipmentID, truckID, trailerID, pickupLongitude, pickupLattitude, pickupTime)
        VALUES (98, 98, 98, 98, 171.776844, -45.633713, '2018-07-13 00:00:00');
        
        INSERT INTO Route (driverID, shipmentID, truckID, trailerID, pickupLongitude, pickupLattitude, pickupTime)
        VALUES (99, 99, 99, 99, -170.598224, 62.755635, '2022-04-10 00:00:00');
        
        INSERT INTO Route (driverID, shipmentID, truckID, trailerID, pickupLongitude, pickupLattitude, pickupTime)
        VALUES (100, 100, 100, 100, -33.321564, -23.567989, '2019-07-04 00:00:00');
        INSERT INTO ProofOfDelivery (routeID, proofOfDelivery, PODNo) VALUES (1, 1, 'POD0001');
INSERT INTO ProofOfDelivery (routeID, proofOfDelivery, PODNo) VALUES (2, 0, 'POD0002');
INSERT INTO ProofOfDelivery (routeID, proofOfDelivery, PODNo) VALUES (3, 1, 'POD0003');
INSERT INTO ProofOfDelivery (routeID, proofOfDelivery, PODNo) VALUES (4, 0, 'POD0004');
INSERT INTO ProofOfDelivery (routeID, proofOfDelivery, PODNo) VALUES (5, 1, 'POD0005');
INSERT INTO ProofOfDelivery (routeID, proofOfDelivery, PODNo) VALUES (6, 1, 'POD0006');
INSERT INTO ProofOfDelivery (routeID, proofOfDelivery, PODNo) VALUES (7, 1, 'POD0007');
INSERT INTO ProofOfDelivery (routeID, proofOfDelivery, PODNo) VALUES (8, 0, 'POD0008');
INSERT INTO ProofOfDelivery (routeID, proofOfDelivery, PODNo) VALUES (9, 0, 'POD0009');
INSERT INTO ProofOfDelivery (routeID, proofOfDelivery, PODNo) VALUES (10, 1, 'POD0010');
INSERT INTO ProofOfDelivery (routeID, proofOfDelivery, PODNo) VALUES (11, 1, 'POD0011');
INSERT INTO ProofOfDelivery (routeID, proofOfDelivery, PODNo) VALUES (12, 0, 'POD0012');
INSERT INTO ProofOfDelivery (routeID, proofOfDelivery, PODNo) VALUES (13, 1, 'POD0013');
INSERT INTO ProofOfDelivery (routeID, proofOfDelivery, PODNo) VALUES (14, 0, 'POD0014');
INSERT INTO ProofOfDelivery (routeID, proofOfDelivery, PODNo) VALUES (15, 0, 'POD0015');
INSERT INTO ProofOfDelivery (routeID, proofOfDelivery, PODNo) VALUES (16, 1, 'POD0016');
INSERT INTO ProofOfDelivery (routeID, proofOfDelivery, PODNo) VALUES (17, 1, 'POD0017');
INSERT INTO ProofOfDelivery (routeID, proofOfDelivery, PODNo) VALUES (18, 0, 'POD0018');
INSERT INTO ProofOfDelivery (routeID, proofOfDelivery, PODNo) VALUES (19, 0, 'POD0019');
INSERT INTO ProofOfDelivery (routeID, proofOfDelivery, PODNo) VALUES (20, 0, 'POD0020');
INSERT INTO ProofOfDelivery (routeID, proofOfDelivery, PODNo) VALUES (21, 1, 'POD0021');
INSERT INTO ProofOfDelivery (routeID, proofOfDelivery, PODNo) VALUES (22, 0, 'POD0022');
INSERT INTO ProofOfDelivery (routeID, proofOfDelivery, PODNo) VALUES (23, 0, 'POD0023');
INSERT INTO ProofOfDelivery (routeID, proofOfDelivery, PODNo) VALUES (24, 1, 'POD0024');
INSERT INTO ProofOfDelivery (routeID, proofOfDelivery, PODNo) VALUES (25, 0, 'POD0025');
INSERT INTO ProofOfDelivery (routeID, proofOfDelivery, PODNo) VALUES (26, 1, 'POD0026');
INSERT INTO ProofOfDelivery (routeID, proofOfDelivery, PODNo) VALUES (27, 0, 'POD0027');
INSERT INTO ProofOfDelivery (routeID, proofOfDelivery, PODNo) VALUES (28, 1, 'POD0028');
INSERT INTO ProofOfDelivery (routeID, proofOfDelivery, PODNo) VALUES (29, 0, 'POD0029');
INSERT INTO ProofOfDelivery (routeID, proofOfDelivery, PODNo) VALUES (30, 0, 'POD0030');
INSERT INTO ProofOfDelivery (routeID, proofOfDelivery, PODNo) VALUES (31, 0, 'POD0031');
INSERT INTO ProofOfDelivery (routeID, proofOfDelivery, PODNo) VALUES (32, 0, 'POD0032');
INSERT INTO ProofOfDelivery (routeID, proofOfDelivery, PODNo) VALUES (33, 1, 'POD0033');
INSERT INTO ProofOfDelivery (routeID, proofOfDelivery, PODNo) VALUES (34, 0, 'POD0034');
INSERT INTO ProofOfDelivery (routeID, proofOfDelivery, PODNo) VALUES (35, 1, 'POD0035');
INSERT INTO ProofOfDelivery (routeID, proofOfDelivery, PODNo) VALUES (36, 0, 'POD0036');
INSERT INTO ProofOfDelivery (routeID, proofOfDelivery, PODNo) VALUES (37, 0, 'POD0037');
INSERT INTO ProofOfDelivery (routeID, proofOfDelivery, PODNo) VALUES (38, 1, 'POD0038');
INSERT INTO ProofOfDelivery (routeID, proofOfDelivery, PODNo) VALUES (39, 1, 'POD0039');
INSERT INTO ProofOfDelivery (routeID, proofOfDelivery, PODNo) VALUES (40, 0, 'POD0040');
INSERT INTO ProofOfDelivery (routeID, proofOfDelivery, PODNo) VALUES (41, 0, 'POD0041');
INSERT INTO ProofOfDelivery (routeID, proofOfDelivery, PODNo) VALUES (42, 1, 'POD0042');
INSERT INTO ProofOfDelivery (routeID, proofOfDelivery, PODNo) VALUES (43, 1, 'POD0043');
INSERT INTO ProofOfDelivery (routeID, proofOfDelivery, PODNo) VALUES (44, 1, 'POD0044');
INSERT INTO ProofOfDelivery (routeID, proofOfDelivery, PODNo) VALUES (45, 0, 'POD0045');
INSERT INTO ProofOfDelivery (routeID, proofOfDelivery, PODNo) VALUES (46, 1, 'POD0046');
INSERT INTO ProofOfDelivery (routeID, proofOfDelivery, PODNo) VALUES (47, 0, 'POD0047');
INSERT INTO ProofOfDelivery (routeID, proofOfDelivery, PODNo) VALUES (48, 0, 'POD0048');
INSERT INTO ProofOfDelivery (routeID, proofOfDelivery, PODNo) VALUES (49, 1, 'POD0049');
INSERT INTO ProofOfDelivery (routeID, proofOfDelivery, PODNo) VALUES (50, 0, 'POD0050');
INSERT INTO ProofOfDelivery (routeID, proofOfDelivery, PODNo) VALUES (51, 1, 'POD0051');
INSERT INTO ProofOfDelivery (routeID, proofOfDelivery, PODNo) VALUES (52, 0, 'POD0052');
INSERT INTO ProofOfDelivery (routeID, proofOfDelivery, PODNo) VALUES (53, 1, 'POD0053');
INSERT INTO ProofOfDelivery (routeID, proofOfDelivery, PODNo) VALUES (54, 0, 'POD0054');
INSERT INTO ProofOfDelivery (routeID, proofOfDelivery, PODNo) VALUES (55, 0, 'POD0055');
INSERT INTO ProofOfDelivery (routeID, proofOfDelivery, PODNo) VALUES (56, 0, 'POD0056');
INSERT INTO ProofOfDelivery (routeID, proofOfDelivery, PODNo) VALUES (57, 1, 'POD0057');
INSERT INTO ProofOfDelivery (routeID, proofOfDelivery, PODNo) VALUES (58, 0, 'POD0058');
INSERT INTO ProofOfDelivery (routeID, proofOfDelivery, PODNo) VALUES (59, 0, 'POD0059');
INSERT INTO ProofOfDelivery (routeID, proofOfDelivery, PODNo) VALUES (60, 0, 'POD0060');
INSERT INTO ProofOfDelivery (routeID, proofOfDelivery, PODNo) VALUES (61, 0, 'POD0061');
INSERT INTO ProofOfDelivery (routeID, proofOfDelivery, PODNo) VALUES (62, 1, 'POD0062');
INSERT INTO ProofOfDelivery (routeID, proofOfDelivery, PODNo) VALUES (63, 1, 'POD0063');
INSERT INTO ProofOfDelivery (routeID, proofOfDelivery, PODNo) VALUES (64, 0, 'POD0064');
INSERT INTO ProofOfDelivery (routeID, proofOfDelivery, PODNo) VALUES (65, 0, 'POD0065');
INSERT INTO ProofOfDelivery (routeID, proofOfDelivery, PODNo) VALUES (66, 0, 'POD0066');
INSERT INTO ProofOfDelivery (routeID, proofOfDelivery, PODNo) VALUES (67, 1, 'POD0067');
INSERT INTO ProofOfDelivery (routeID, proofOfDelivery, PODNo) VALUES (68, 0, 'POD0068');
INSERT INTO ProofOfDelivery (routeID, proofOfDelivery, PODNo) VALUES (69, 0, 'POD0069');
INSERT INTO ProofOfDelivery (routeID, proofOfDelivery, PODNo) VALUES (70, 0, 'POD0070');
INSERT INTO ProofOfDelivery (routeID, proofOfDelivery, PODNo) VALUES (71, 0, 'POD0071');
INSERT INTO ProofOfDelivery (routeID, proofOfDelivery, PODNo) VALUES (72, 1, 'POD0072');
INSERT INTO ProofOfDelivery (routeID, proofOfDelivery, PODNo) VALUES (73, 1, 'POD0073');
INSERT INTO ProofOfDelivery (routeID, proofOfDelivery, PODNo) VALUES (74, 1, 'POD0074');
INSERT INTO ProofOfDelivery (routeID, proofOfDelivery, PODNo) VALUES (75, 0, 'POD0075');
INSERT INTO ProofOfDelivery (routeID, proofOfDelivery, PODNo) VALUES (76, 0, 'POD0076');
INSERT INTO ProofOfDelivery (routeID, proofOfDelivery, PODNo) VALUES (77, 1, 'POD0077');
INSERT INTO ProofOfDelivery (routeID, proofOfDelivery, PODNo) VALUES (78, 1, 'POD0078');
INSERT INTO ProofOfDelivery (routeID, proofOfDelivery, PODNo) VALUES (79, 1, 'POD0079');
INSERT INTO ProofOfDelivery (routeID, proofOfDelivery, PODNo) VALUES (80, 0, 'POD0080');
INSERT INTO ProofOfDelivery (routeID, proofOfDelivery, PODNo) VALUES (81, 1, 'POD0081');
INSERT INTO ProofOfDelivery (routeID, proofOfDelivery, PODNo) VALUES (82, 1, 'POD0082');
INSERT INTO ProofOfDelivery (routeID, proofOfDelivery, PODNo) VALUES (83, 1, 'POD0083');
INSERT INTO ProofOfDelivery (routeID, proofOfDelivery, PODNo) VALUES (84, 0, 'POD0084');
INSERT INTO ProofOfDelivery (routeID, proofOfDelivery, PODNo) VALUES (85, 1, 'POD0085');
INSERT INTO ProofOfDelivery (routeID, proofOfDelivery, PODNo) VALUES (86, 0, 'POD0086');
INSERT INTO ProofOfDelivery (routeID, proofOfDelivery, PODNo) VALUES (87, 1, 'POD0087');
INSERT INTO ProofOfDelivery (routeID, proofOfDelivery, PODNo) VALUES (88, 1, 'POD0088');
INSERT INTO ProofOfDelivery (routeID, proofOfDelivery, PODNo) VALUES (89, 0, 'POD0089');
INSERT INTO ProofOfDelivery (routeID, proofOfDelivery, PODNo) VALUES (90, 1, 'POD0090');
INSERT INTO ProofOfDelivery (routeID, proofOfDelivery, PODNo) VALUES (91, 1, 'POD0091');
INSERT INTO ProofOfDelivery (routeID, proofOfDelivery, PODNo) VALUES (92, 1, 'POD0092');
INSERT INTO ProofOfDelivery (routeID, proofOfDelivery, PODNo) VALUES (93, 0, 'POD0093');
INSERT INTO ProofOfDelivery (routeID, proofOfDelivery, PODNo) VALUES (94, 1, 'POD0094');
INSERT INTO ProofOfDelivery (routeID, proofOfDelivery, PODNo) VALUES (95, 1, 'POD0095');
INSERT INTO ProofOfDelivery (routeID, proofOfDelivery, PODNo) VALUES (96, 1, 'POD0096');
INSERT INTO ProofOfDelivery (routeID, proofOfDelivery, PODNo) VALUES (97, 0, 'POD0097');
INSERT INTO ProofOfDelivery (routeID, proofOfDelivery, PODNo) VALUES (98, 1, 'POD0098');
INSERT INTO ProofOfDelivery (routeID, proofOfDelivery, PODNo) VALUES (99, 1, 'POD0099');
INSERT INTO ProofOfDelivery (routeID, proofOfDelivery, PODNo) VALUES (100, 0, 'POD0100');

        INSERT INTO Trips (routeID, destinationLongitude, destinationLatitude, tripIndex)
        VALUES (1, 151.253899, 47.960850, 5);
        
        INSERT INTO Trips (routeID, destinationLongitude, destinationLatitude, tripIndex)
        VALUES (2, -169.635260, 60.558481, 5);
        
        INSERT INTO Trips (routeID, destinationLongitude, destinationLatitude, tripIndex)
        VALUES (3, -93.205561, 61.999776, 4);
        
        INSERT INTO Trips (routeID, destinationLongitude, destinationLatitude, tripIndex)
        VALUES (4, -146.738962, 3.726512, 1);
        
        INSERT INTO Trips (routeID, destinationLongitude, destinationLatitude, tripIndex)
        VALUES (5, -2.221334, 49.801573, 5);
        
        INSERT INTO Trips (routeID, destinationLongitude, destinationLatitude, tripIndex)
        VALUES (6, -141.629826, -2.497089, 5);
        
        INSERT INTO Trips (routeID, destinationLongitude, destinationLatitude, tripIndex)
        VALUES (7, 148.093085, 15.488354, 2);
        
        INSERT INTO Trips (routeID, destinationLongitude, destinationLatitude, tripIndex)
        VALUES (8, -131.488572, -87.471534, 4);
        
        INSERT INTO Trips (routeID, destinationLongitude, destinationLatitude, tripIndex)
        VALUES (9, -93.219328, -50.167677, 1);
        
        INSERT INTO Trips (routeID, destinationLongitude, destinationLatitude, tripIndex)
        VALUES (10, -133.240791, 26.112021, 4);
        
        INSERT INTO Trips (routeID, destinationLongitude, destinationLatitude, tripIndex)
        VALUES (11, 91.141643, 47.506492, 2);
        
        INSERT INTO Trips (routeID, destinationLongitude, destinationLatitude, tripIndex)
        VALUES (12, 168.999260, -81.799628, 3);
        
        INSERT INTO Trips (routeID, destinationLongitude, destinationLatitude, tripIndex)
        VALUES (13, -149.100838, -17.408934, 4);
        
        INSERT INTO Trips (routeID, destinationLongitude, destinationLatitude, tripIndex)
        VALUES (14, 56.278059, 66.971705, 4);
        
        INSERT INTO Trips (routeID, destinationLongitude, destinationLatitude, tripIndex)
        VALUES (15, 126.102987, -1.576063, 1);
        
        INSERT INTO Trips (routeID, destinationLongitude, destinationLatitude, tripIndex)
        VALUES (16, 83.563969, -76.012853, 1);
        
        INSERT INTO Trips (routeID, destinationLongitude, destinationLatitude, tripIndex)
        VALUES (17, 67.883458, -50.911987, 4);
        
        INSERT INTO Trips (routeID, destinationLongitude, destinationLatitude, tripIndex)
        VALUES (18, -35.711573, 3.238509, 3);
        
        INSERT INTO Trips (routeID, destinationLongitude, destinationLatitude, tripIndex)
        VALUES (19, -35.277005, -81.726924, 5);
        
        INSERT INTO Trips (routeID, destinationLongitude, destinationLatitude, tripIndex)
        VALUES (20, 116.959776, -21.530070, 1);
        
        INSERT INTO Trips (routeID, destinationLongitude, destinationLatitude, tripIndex)
        VALUES (21, 60.097161, -12.650116, 2);
        
        INSERT INTO Trips (routeID, destinationLongitude, destinationLatitude, tripIndex)
        VALUES (22, 150.164238, -36.604701, 2);
        
        INSERT INTO Trips (routeID, destinationLongitude, destinationLatitude, tripIndex)
        VALUES (23, 31.917990, -32.473619, 5);
        
        INSERT INTO Trips (routeID, destinationLongitude, destinationLatitude, tripIndex)
        VALUES (24, -22.532761, 29.154109, 2);
        
        INSERT INTO Trips (routeID, destinationLongitude, destinationLatitude, tripIndex)
        VALUES (25, -18.941603, 10.591227, 1);
        
        INSERT INTO Trips (routeID, destinationLongitude, destinationLatitude, tripIndex)
        VALUES (26, 46.803181, 18.929053, 5);
        
        INSERT INTO Trips (routeID, destinationLongitude, destinationLatitude, tripIndex)
        VALUES (27, -168.931778, -39.263834, 5);
        
        INSERT INTO Trips (routeID, destinationLongitude, destinationLatitude, tripIndex)
        VALUES (28, -92.706837, 7.293319, 3);
        
        INSERT INTO Trips (routeID, destinationLongitude, destinationLatitude, tripIndex)
        VALUES (29, 151.875100, 43.463725, 2);
        
        INSERT INTO Trips (routeID, destinationLongitude, destinationLatitude, tripIndex)
        VALUES (30, -125.598783, 3.682475, 5);
        
        INSERT INTO Trips (routeID, destinationLongitude, destinationLatitude, tripIndex)
        VALUES (31, 126.965406, 16.064066, 3);
        
        INSERT INTO Trips (routeID, destinationLongitude, destinationLatitude, tripIndex)
        VALUES (32, 70.427915, -57.273410, 2);
        
        INSERT INTO Trips (routeID, destinationLongitude, destinationLatitude, tripIndex)
        VALUES (33, -176.586473, 38.905214, 5);
        
        INSERT INTO Trips (routeID, destinationLongitude, destinationLatitude, tripIndex)
        VALUES (34, -155.941049, 43.369301, 3);
        
        INSERT INTO Trips (routeID, destinationLongitude, destinationLatitude, tripIndex)
        VALUES (35, -23.593900, -71.681262, 2);
        
        INSERT INTO Trips (routeID, destinationLongitude, destinationLatitude, tripIndex)
        VALUES (36, -33.003023, -73.416744, 1);
        
        INSERT INTO Trips (routeID, destinationLongitude, destinationLatitude, tripIndex)
        VALUES (37, -154.313760, -30.548374, 5);
        
        INSERT INTO Trips (routeID, destinationLongitude, destinationLatitude, tripIndex)
        VALUES (38, -140.707741, -39.049722, 3);
        
        INSERT INTO Trips (routeID, destinationLongitude, destinationLatitude, tripIndex)
        VALUES (39, 89.171453, 2.972702, 3);
        
        INSERT INTO Trips (routeID, destinationLongitude, destinationLatitude, tripIndex)
        VALUES (40, -37.402876, 71.512762, 5);
        
        INSERT INTO Trips (routeID, destinationLongitude, destinationLatitude, tripIndex)
        VALUES (41, -68.041150, 45.206540, 4);
        
        INSERT INTO Trips (routeID, destinationLongitude, destinationLatitude, tripIndex)
        VALUES (42, -127.651190, -40.869554, 5);
        
        INSERT INTO Trips (routeID, destinationLongitude, destinationLatitude, tripIndex)
        VALUES (43, 5.392349, -11.526895, 2);
        
        INSERT INTO Trips (routeID, destinationLongitude, destinationLatitude, tripIndex)
        VALUES (44, -4.140330, 67.896105, 1);
        
        INSERT INTO Trips (routeID, destinationLongitude, destinationLatitude, tripIndex)
        VALUES (45, 100.775724, -88.832630, 2);
        
        INSERT INTO Trips (routeID, destinationLongitude, destinationLatitude, tripIndex)
        VALUES (46, -42.141029, 51.487124, 5);
        
        INSERT INTO Trips (routeID, destinationLongitude, destinationLatitude, tripIndex)
        VALUES (47, 12.160049, 43.919019, 1);
        
        INSERT INTO Trips (routeID, destinationLongitude, destinationLatitude, tripIndex)
        VALUES (48, -149.982009, 2.286531, 1);
        
        INSERT INTO Trips (routeID, destinationLongitude, destinationLatitude, tripIndex)
        VALUES (49, -98.588000, 50.539212, 5);
        
        INSERT INTO Trips (routeID, destinationLongitude, destinationLatitude, tripIndex)
        VALUES (50, 100.531720, -11.072543, 1);
        
        INSERT INTO Trips (routeID, destinationLongitude, destinationLatitude, tripIndex)
        VALUES (51, -30.453028, 23.403558, 1);
        
        INSERT INTO Trips (routeID, destinationLongitude, destinationLatitude, tripIndex)
        VALUES (52, -172.923734, -28.641515, 2);
        
        INSERT INTO Trips (routeID, destinationLongitude, destinationLatitude, tripIndex)
        VALUES (53, -108.514913, 25.651476, 5);
        
        INSERT INTO Trips (routeID, destinationLongitude, destinationLatitude, tripIndex)
        VALUES (54, 127.603364, -83.726850, 3);
        
        INSERT INTO Trips (routeID, destinationLongitude, destinationLatitude, tripIndex)
        VALUES (55, -24.096119, 66.809427, 2);
        
        INSERT INTO Trips (routeID, destinationLongitude, destinationLatitude, tripIndex)
        VALUES (56, -89.927860, -88.994973, 4);
        
        INSERT INTO Trips (routeID, destinationLongitude, destinationLatitude, tripIndex)
        VALUES (57, -38.027129, -56.927734, 5);
        
        INSERT INTO Trips (routeID, destinationLongitude, destinationLatitude, tripIndex)
        VALUES (58, 80.150136, -26.007391, 3);
        
        INSERT INTO Trips (routeID, destinationLongitude, destinationLatitude, tripIndex)
        VALUES (59, -37.303890, -65.943932, 2);
        
        INSERT INTO Trips (routeID, destinationLongitude, destinationLatitude, tripIndex)
        VALUES (60, 143.613967, 7.962461, 2);
        
        INSERT INTO Trips (routeID, destinationLongitude, destinationLatitude, tripIndex)
        VALUES (61, -176.451801, 34.413398, 2);
        
        INSERT INTO Trips (routeID, destinationLongitude, destinationLatitude, tripIndex)
        VALUES (62, -160.391776, 15.436737, 1);
        
        INSERT INTO Trips (routeID, destinationLongitude, destinationLatitude, tripIndex)
        VALUES (63, 10.491669, 10.097170, 3);
        
        INSERT INTO Trips (routeID, destinationLongitude, destinationLatitude, tripIndex)
        VALUES (64, -150.036518, -40.292615, 4);
        
        INSERT INTO Trips (routeID, destinationLongitude, destinationLatitude, tripIndex)
        VALUES (65, 3.347905, -18.818962, 3);
        
        INSERT INTO Trips (routeID, destinationLongitude, destinationLatitude, tripIndex)
        VALUES (66, -121.206324, -21.147257, 1);
        
        INSERT INTO Trips (routeID, destinationLongitude, destinationLatitude, tripIndex)
        VALUES (67, 109.950612, -32.325174, 4);
        
        INSERT INTO Trips (routeID, destinationLongitude, destinationLatitude, tripIndex)
        VALUES (68, 175.821971, 10.990607, 4);
        
        INSERT INTO Trips (routeID, destinationLongitude, destinationLatitude, tripIndex)
        VALUES (69, 9.667548, 54.317423, 3);
        
        INSERT INTO Trips (routeID, destinationLongitude, destinationLatitude, tripIndex)
        VALUES (70, -153.618676, 0.028434, 5);
        
        INSERT INTO Trips (routeID, destinationLongitude, destinationLatitude, tripIndex)
        VALUES (71, 162.906125, 60.413869, 5);
        
        INSERT INTO Trips (routeID, destinationLongitude, destinationLatitude, tripIndex)
        VALUES (72, 133.754227, 64.451408, 5);
        
        INSERT INTO Trips (routeID, destinationLongitude, destinationLatitude, tripIndex)
        VALUES (73, -167.393227, -82.277271, 1);
        
        INSERT INTO Trips (routeID, destinationLongitude, destinationLatitude, tripIndex)
        VALUES (74, 72.493194, 72.361548, 1);
        
        INSERT INTO Trips (routeID, destinationLongitude, destinationLatitude, tripIndex)
        VALUES (75, 137.270344, -81.714641, 5);
        
        INSERT INTO Trips (routeID, destinationLongitude, destinationLatitude, tripIndex)
        VALUES (76, -130.055691, 52.752350, 3);
        
        INSERT INTO Trips (routeID, destinationLongitude, destinationLatitude, tripIndex)
        VALUES (77, -69.660669, -74.385438, 3);
        
        INSERT INTO Trips (routeID, destinationLongitude, destinationLatitude, tripIndex)
        VALUES (78, -73.426407, 70.450154, 1);
        
        INSERT INTO Trips (routeID, destinationLongitude, destinationLatitude, tripIndex)
        VALUES (79, -53.765732, -22.276927, 5);
        
        INSERT INTO Trips (routeID, destinationLongitude, destinationLatitude, tripIndex)
        VALUES (80, 50.872278, 2.114599, 3);
        
        INSERT INTO Trips (routeID, destinationLongitude, destinationLatitude, tripIndex)
        VALUES (81, -178.396542, 11.473992, 4);
        
        INSERT INTO Trips (routeID, destinationLongitude, destinationLatitude, tripIndex)
        VALUES (82, 56.615676, -47.717140, 1);
        
        INSERT INTO Trips (routeID, destinationLongitude, destinationLatitude, tripIndex)
        VALUES (83, -69.180882, -74.678879, 5);
        
        INSERT INTO Trips (routeID, destinationLongitude, destinationLatitude, tripIndex)
        VALUES (84, 52.643080, -48.332479, 5);
        
        INSERT INTO Trips (routeID, destinationLongitude, destinationLatitude, tripIndex)
        VALUES (85, 54.855086, -64.034682, 5);
        
        INSERT INTO Trips (routeID, destinationLongitude, destinationLatitude, tripIndex)
        VALUES (86, 128.284155, 23.293705, 1);
        
        INSERT INTO Trips (routeID, destinationLongitude, destinationLatitude, tripIndex)
        VALUES (87, -157.276754, -28.749939, 2);
        
        INSERT INTO Trips (routeID, destinationLongitude, destinationLatitude, tripIndex)
        VALUES (88, 142.399684, 24.174932, 1);
        
        INSERT INTO Trips (routeID, destinationLongitude, destinationLatitude, tripIndex)
        VALUES (89, 62.127242, -80.000934, 3);
        
        INSERT INTO Trips (routeID, destinationLongitude, destinationLatitude, tripIndex)
        VALUES (90, -83.186271, -88.670047, 1);
        
        INSERT INTO Trips (routeID, destinationLongitude, destinationLatitude, tripIndex)
        VALUES (91, 44.335546, 53.846313, 2);
        
        INSERT INTO Trips (routeID, destinationLongitude, destinationLatitude, tripIndex)
        VALUES (92, 161.647811, 36.497899, 5);
        
        INSERT INTO Trips (routeID, destinationLongitude, destinationLatitude, tripIndex)
        VALUES (93, 79.740967, -45.983299, 2);
        
        INSERT INTO Trips (routeID, destinationLongitude, destinationLatitude, tripIndex)
        VALUES (94, 39.950202, -25.408877, 4);
        
        INSERT INTO Trips (routeID, destinationLongitude, destinationLatitude, tripIndex)
        VALUES (95, 58.918946, 10.212093, 1);
        
        INSERT INTO Trips (routeID, destinationLongitude, destinationLatitude, tripIndex)
        VALUES (96, -127.289137, 62.886508, 5);
        
        INSERT INTO Trips (routeID, destinationLongitude, destinationLatitude, tripIndex)
        VALUES (97, -8.789778, 59.716751, 1);
        
        INSERT INTO Trips (routeID, destinationLongitude, destinationLatitude, tripIndex)
        VALUES (98, -165.496934, 85.040192, 4);
        
        INSERT INTO Trips (routeID, destinationLongitude, destinationLatitude, tripIndex)
        VALUES (99, 138.224241, 11.094206, 5);
        
        INSERT INTO Trips (routeID, destinationLongitude, destinationLatitude, tripIndex)
        VALUES (100, -45.224818, 56.993872, 3);
        
        INSERT INTO Finance (truckID, expense, totalAmount, paymentMethod, paymentDate)
        VALUES (1, 'Expense 1', 350.40, 'Method 1', '2016-06-08');
        
        INSERT INTO Finance (truckID, expense, totalAmount, paymentMethod, paymentDate)
        VALUES (2, 'Expense 2', 417.83, 'Method 2', '2015-06-06');
        
        INSERT INTO Finance (truckID, expense, totalAmount, paymentMethod, paymentDate)
        VALUES (3, 'Expense 3', 161.21, 'Method 3', '2015-11-25');
        
        INSERT INTO Finance (truckID, expense, totalAmount, paymentMethod, paymentDate)
        VALUES (4, 'Expense 4', 347.29, 'Method 4', '2017-06-29');
        
        INSERT INTO Finance (truckID, expense, totalAmount, paymentMethod, paymentDate)
        VALUES (5, 'Expense 5', 715.01, 'Method 5', '2019-01-03');
        
        INSERT INTO Finance (truckID, expense, totalAmount, paymentMethod, paymentDate)
        VALUES (6, 'Expense 6', 556.00, 'Method 6', '2021-02-12');
        
        INSERT INTO Finance (truckID, expense, totalAmount, paymentMethod, paymentDate)
        VALUES (7, 'Expense 7', 669.87, 'Method 7', '2016-08-01');
        
        INSERT INTO Finance (truckID, expense, totalAmount, paymentMethod, paymentDate)
        VALUES (8, 'Expense 8', 121.17, 'Method 8', '2015-11-11');
        
        INSERT INTO Finance (truckID, expense, totalAmount, paymentMethod, paymentDate)
        VALUES (9, 'Expense 9', 924.85, 'Method 9', '2018-02-22');
        
        INSERT INTO Finance (truckID, expense, totalAmount, paymentMethod, paymentDate)
        VALUES (10, 'Expense 10', 634.55, 'Method 10', '2021-06-24');
        
        INSERT INTO Finance (truckID, expense, totalAmount, paymentMethod, paymentDate)
        VALUES (11, 'Expense 11', 841.23, 'Method 11', '2018-02-20');
        
        INSERT INTO Finance (truckID, expense, totalAmount, paymentMethod, paymentDate)
        VALUES (12, 'Expense 12', 668.45, 'Method 12', '2021-08-06');
        
        INSERT INTO Finance (truckID, expense, totalAmount, paymentMethod, paymentDate)
        VALUES (13, 'Expense 13', 160.89, 'Method 13', '2020-10-23');
        
        INSERT INTO Finance (truckID, expense, totalAmount, paymentMethod, paymentDate)
        VALUES (14, 'Expense 14', 199.71, 'Method 14', '2016-02-15');
        
        INSERT INTO Finance (truckID, expense, totalAmount, paymentMethod, paymentDate)
        VALUES (15, 'Expense 15', 433.59, 'Method 15', '2015-05-04');
        
        INSERT INTO Finance (truckID, expense, totalAmount, paymentMethod, paymentDate)
        VALUES (16, 'Expense 16', 544.18, 'Method 16', '2017-12-07');
        
        INSERT INTO Finance (truckID, expense, totalAmount, paymentMethod, paymentDate)
        VALUES (17, 'Expense 17', 735.71, 'Method 17', '2018-07-15');
        
        INSERT INTO Finance (truckID, expense, totalAmount, paymentMethod, paymentDate)
        VALUES (18, 'Expense 18', 199.64, 'Method 18', '2017-09-10');
        
        INSERT INTO Finance (truckID, expense, totalAmount, paymentMethod, paymentDate)
        VALUES (19, 'Expense 19', 745.24, 'Method 19', '2020-11-20');
        
        INSERT INTO Finance (truckID, expense, totalAmount, paymentMethod, paymentDate)
        VALUES (20, 'Expense 20', 547.84, 'Method 20', '2015-11-22');
        
        INSERT INTO Finance (truckID, expense, totalAmount, paymentMethod, paymentDate)
        VALUES (21, 'Expense 21', 833.28, 'Method 21', '2018-02-20');
        
        INSERT INTO Finance (truckID, expense, totalAmount, paymentMethod, paymentDate)
        VALUES (22, 'Expense 22', 319.80, 'Method 22', '2020-08-12');
        
        INSERT INTO Finance (truckID, expense, totalAmount, paymentMethod, paymentDate)
        VALUES (23, 'Expense 23', 369.69, 'Method 23', '2022-02-14');
        
        INSERT INTO Finance (truckID, expense, totalAmount, paymentMethod, paymentDate)
        VALUES (24, 'Expense 24', 427.46, 'Method 24', '2015-11-24');
        
        INSERT INTO Finance (truckID, expense, totalAmount, paymentMethod, paymentDate)
        VALUES (25, 'Expense 25', 932.90, 'Method 25', '2016-12-08');
        
        INSERT INTO Finance (truckID, expense, totalAmount, paymentMethod, paymentDate)
        VALUES (26, 'Expense 26', 771.32, 'Method 26', '2020-10-24');
        
        INSERT INTO Finance (truckID, expense, totalAmount, paymentMethod, paymentDate)
        VALUES (27, 'Expense 27', 316.75, 'Method 27', '2016-08-14');
        
        INSERT INTO Finance (truckID, expense, totalAmount, paymentMethod, paymentDate)
        VALUES (28, 'Expense 28', 291.09, 'Method 28', '2016-10-24');
        
        INSERT INTO Finance (truckID, expense, totalAmount, paymentMethod, paymentDate)
        VALUES (29, 'Expense 29', 668.26, 'Method 29', '2018-11-05');
        
        INSERT INTO Finance (truckID, expense, totalAmount, paymentMethod, paymentDate)
        VALUES (30, 'Expense 30', 126.86, 'Method 30', '2019-05-01');
        
        INSERT INTO Finance (truckID, expense, totalAmount, paymentMethod, paymentDate)
        VALUES (31, 'Expense 31', 185.34, 'Method 31', '2021-06-13');
        
        INSERT INTO Finance (truckID, expense, totalAmount, paymentMethod, paymentDate)
        VALUES (32, 'Expense 32', 527.53, 'Method 32', '2021-06-08');
        
        INSERT INTO Finance (truckID, expense, totalAmount, paymentMethod, paymentDate)
        VALUES (33, 'Expense 33', 157.48, 'Method 33', '2015-01-03');
        
        INSERT INTO Finance (truckID, expense, totalAmount, paymentMethod, paymentDate)
        VALUES (34, 'Expense 34', 346.34, 'Method 34', '2019-12-28');
        
        INSERT INTO Finance (truckID, expense, totalAmount, paymentMethod, paymentDate)
        VALUES (35, 'Expense 35', 789.05, 'Method 35', '2022-06-25');
        
        INSERT INTO Finance (truckID, expense, totalAmount, paymentMethod, paymentDate)
        VALUES (36, 'Expense 36', 507.33, 'Method 36', '2022-03-01');
        
        INSERT INTO Finance (truckID, expense, totalAmount, paymentMethod, paymentDate)
        VALUES (37, 'Expense 37', 614.47, 'Method 37', '2015-12-14');
        
        INSERT INTO Finance (truckID, expense, totalAmount, paymentMethod, paymentDate)
        VALUES (38, 'Expense 38', 869.76, 'Method 38', '2022-01-07');
        
        INSERT INTO Finance (truckID, expense, totalAmount, paymentMethod, paymentDate)
        VALUES (39, 'Expense 39', 602.53, 'Method 39', '2019-11-04');
        
        INSERT INTO Finance (truckID, expense, totalAmount, paymentMethod, paymentDate)
        VALUES (40, 'Expense 40', 915.85, 'Method 40', '2018-11-05');
        
        INSERT INTO Finance (truckID, expense, totalAmount, paymentMethod, paymentDate)
        VALUES (41, 'Expense 41', 412.36, 'Method 41', '2022-01-29');
        
        INSERT INTO Finance (truckID, expense, totalAmount, paymentMethod, paymentDate)
        VALUES (42, 'Expense 42', 569.62, 'Method 42', '2016-03-02');
        
        INSERT INTO Finance (truckID, expense, totalAmount, paymentMethod, paymentDate)
        VALUES (43, 'Expense 43', 392.90, 'Method 43', '2018-11-17');
        
        INSERT INTO Finance (truckID, expense, totalAmount, paymentMethod, paymentDate)
        VALUES (44, 'Expense 44', 968.81, 'Method 44', '2017-06-11');
        
        INSERT INTO Finance (truckID, expense, totalAmount, paymentMethod, paymentDate)
        VALUES (45, 'Expense 45', 637.03, 'Method 45', '2020-05-11');
        
        INSERT INTO Finance (truckID, expense, totalAmount, paymentMethod, paymentDate)
        VALUES (46, 'Expense 46', 871.28, 'Method 46', '2021-06-24');
        
        INSERT INTO Finance (truckID, expense, totalAmount, paymentMethod, paymentDate)
        VALUES (47, 'Expense 47', 616.79, 'Method 47', '2015-11-20');
        
        INSERT INTO Finance (truckID, expense, totalAmount, paymentMethod, paymentDate)
        VALUES (48, 'Expense 48', 146.48, 'Method 48', '2022-07-16');
        
        INSERT INTO Finance (truckID, expense, totalAmount, paymentMethod, paymentDate)
        VALUES (49, 'Expense 49', 560.87, 'Method 49', '2015-10-03');
        
        INSERT INTO Finance (truckID, expense, totalAmount, paymentMethod, paymentDate)
        VALUES (50, 'Expense 50', 969.19, 'Method 50', '2017-05-01');
        
        INSERT INTO Finance (truckID, expense, totalAmount, paymentMethod, paymentDate)
        VALUES (51, 'Expense 51', 414.07, 'Method 51', '2016-10-02');
        
        INSERT INTO Finance (truckID, expense, totalAmount, paymentMethod, paymentDate)
        VALUES (52, 'Expense 52', 233.51, 'Method 52', '2018-02-14');
        
        INSERT INTO Finance (truckID, expense, totalAmount, paymentMethod, paymentDate)
        VALUES (53, 'Expense 53', 154.86, 'Method 53', '2018-07-04');
        
        INSERT INTO Finance (truckID, expense, totalAmount, paymentMethod, paymentDate)
        VALUES (54, 'Expense 54', 527.38, 'Method 54', '2016-08-24');
        
        INSERT INTO Finance (truckID, expense, totalAmount, paymentMethod, paymentDate)
        VALUES (55, 'Expense 55', 218.34, 'Method 55', '2022-07-27');
        
        INSERT INTO Finance (truckID, expense, totalAmount, paymentMethod, paymentDate)
        VALUES (56, 'Expense 56', 265.44, 'Method 56', '2019-07-24');
        
        INSERT INTO Finance (truckID, expense, totalAmount, paymentMethod, paymentDate)
        VALUES (57, 'Expense 57', 125.44, 'Method 57', '2020-09-30');
        
        INSERT INTO Finance (truckID, expense, totalAmount, paymentMethod, paymentDate)
        VALUES (58, 'Expense 58', 706.53, 'Method 58', '2015-10-21');
        
        INSERT INTO Finance (truckID, expense, totalAmount, paymentMethod, paymentDate)
        VALUES (59, 'Expense 59', 824.26, 'Method 59', '2019-03-02');
        
        INSERT INTO Finance (truckID, expense, totalAmount, paymentMethod, paymentDate)
        VALUES (60, 'Expense 60', 863.37, 'Method 60', '2020-10-01');
        
        INSERT INTO Finance (truckID, expense, totalAmount, paymentMethod, paymentDate)
        VALUES (61, 'Expense 61', 884.32, 'Method 61', '2017-11-14');
        
        INSERT INTO Finance (truckID, expense, totalAmount, paymentMethod, paymentDate)
        VALUES (62, 'Expense 62', 402.28, 'Method 62', '2018-09-15');
        
        INSERT INTO Finance (truckID, expense, totalAmount, paymentMethod, paymentDate)
        VALUES (63, 'Expense 63', 398.22, 'Method 63', '2016-10-08');
        
        INSERT INTO Finance (truckID, expense, totalAmount, paymentMethod, paymentDate)
        VALUES (64, 'Expense 64', 619.54, 'Method 64', '2017-07-07');
        
        INSERT INTO Finance (truckID, expense, totalAmount, paymentMethod, paymentDate)
        VALUES (65, 'Expense 65', 384.19, 'Method 65', '2016-08-23');
        
        INSERT INTO Finance (truckID, expense, totalAmount, paymentMethod, paymentDate)
        VALUES (66, 'Expense 66', 704.50, 'Method 66', '2016-08-03');
        
        INSERT INTO Finance (truckID, expense, totalAmount, paymentMethod, paymentDate)
        VALUES (67, 'Expense 67', 871.11, 'Method 67', '2015-07-19');
        
        INSERT INTO Finance (truckID, expense, totalAmount, paymentMethod, paymentDate)
        VALUES (68, 'Expense 68', 610.17, 'Method 68', '2017-05-11');
        
        INSERT INTO Finance (truckID, expense, totalAmount, paymentMethod, paymentDate)
        VALUES (69, 'Expense 69', 659.47, 'Method 69', '2020-10-25');
        
        INSERT INTO Finance (truckID, expense, totalAmount, paymentMethod, paymentDate)
        VALUES (70, 'Expense 70', 499.80, 'Method 70', '2017-02-04');
        
        INSERT INTO Finance (truckID, expense, totalAmount, paymentMethod, paymentDate)
        VALUES (71, 'Expense 71', 371.12, 'Method 71', '2016-01-19');
        
        INSERT INTO Finance (truckID, expense, totalAmount, paymentMethod, paymentDate)
        VALUES (72, 'Expense 72', 835.99, 'Method 72', '2017-09-18');
        
        INSERT INTO Finance (truckID, expense, totalAmount, paymentMethod, paymentDate)
        VALUES (73, 'Expense 73', 771.61, 'Method 73', '2021-11-17');
        
        INSERT INTO Finance (truckID, expense, totalAmount, paymentMethod, paymentDate)
        VALUES (74, 'Expense 74', 478.25, 'Method 74', '2017-12-14');
        
        INSERT INTO Finance (truckID, expense, totalAmount, paymentMethod, paymentDate)
        VALUES (75, 'Expense 75', 531.91, 'Method 75', '2022-03-01');
        
        INSERT INTO Finance (truckID, expense, totalAmount, paymentMethod, paymentDate)
        VALUES (76, 'Expense 76', 608.80, 'Method 76', '2015-06-12');
        
        INSERT INTO Finance (truckID, expense, totalAmount, paymentMethod, paymentDate)
        VALUES (77, 'Expense 77', 756.61, 'Method 77', '2017-09-29');
        
        INSERT INTO Finance (truckID, expense, totalAmount, paymentMethod, paymentDate)
        VALUES (78, 'Expense 78', 657.04, 'Method 78', '2017-09-02');
        
        INSERT INTO Finance (truckID, expense, totalAmount, paymentMethod, paymentDate)
        VALUES (79, 'Expense 79', 722.40, 'Method 79', '2015-11-17');
        
        INSERT INTO Finance (truckID, expense, totalAmount, paymentMethod, paymentDate)
        VALUES (80, 'Expense 80', 287.66, 'Method 80', '2020-01-29');
        
        INSERT INTO Finance (truckID, expense, totalAmount, paymentMethod, paymentDate)
        VALUES (81, 'Expense 81', 674.22, 'Method 81', '2020-08-30');
        
        INSERT INTO Finance (truckID, expense, totalAmount, paymentMethod, paymentDate)
        VALUES (82, 'Expense 82', 608.76, 'Method 82', '2016-09-14');
        
        INSERT INTO Finance (truckID, expense, totalAmount, paymentMethod, paymentDate)
        VALUES (83, 'Expense 83', 677.93, 'Method 83', '2017-12-17');
        
        INSERT INTO Finance (truckID, expense, totalAmount, paymentMethod, paymentDate)
        VALUES (84, 'Expense 84', 619.94, 'Method 84', '2017-05-29');
        
        INSERT INTO Finance (truckID, expense, totalAmount, paymentMethod, paymentDate)
        VALUES (85, 'Expense 85', 438.05, 'Method 85', '2016-11-08');
        
        INSERT INTO Finance (truckID, expense, totalAmount, paymentMethod, paymentDate)
        VALUES (86, 'Expense 86', 923.62, 'Method 86', '2017-12-22');
        
        INSERT INTO Finance (truckID, expense, totalAmount, paymentMethod, paymentDate)
        VALUES (87, 'Expense 87', 863.59, 'Method 87', '2020-04-03');
        
        INSERT INTO Finance (truckID, expense, totalAmount, paymentMethod, paymentDate)
        VALUES (88, 'Expense 88', 341.59, 'Method 88', '2019-03-27');
        
        INSERT INTO Finance (truckID, expense, totalAmount, paymentMethod, paymentDate)
        VALUES (89, 'Expense 89', 706.05, 'Method 89', '2016-11-24');
        
        INSERT INTO Finance (truckID, expense, totalAmount, paymentMethod, paymentDate)
        VALUES (90, 'Expense 90', 693.52, 'Method 90', '2016-01-31');
        
        INSERT INTO Finance (truckID, expense, totalAmount, paymentMethod, paymentDate)
        VALUES (91, 'Expense 91', 801.28, 'Method 91', '2022-06-02');
        
        INSERT INTO Finance (truckID, expense, totalAmount, paymentMethod, paymentDate)
        VALUES (92, 'Expense 92', 497.16, 'Method 92', '2017-08-18');
        
        INSERT INTO Finance (truckID, expense, totalAmount, paymentMethod, paymentDate)
        VALUES (93, 'Expense 93', 240.55, 'Method 93', '2020-09-05');
        
        INSERT INTO Finance (truckID, expense, totalAmount, paymentMethod, paymentDate)
        VALUES (94, 'Expense 94', 955.96, 'Method 94', '2020-02-27');
        
        INSERT INTO Finance (truckID, expense, totalAmount, paymentMethod, paymentDate)
        VALUES (95, 'Expense 95', 323.95, 'Method 95', '2022-05-22');
        
        INSERT INTO Finance (truckID, expense, totalAmount, paymentMethod, paymentDate)
        VALUES (96, 'Expense 96', 331.24, 'Method 96', '2015-04-12');
        
        INSERT INTO Finance (truckID, expense, totalAmount, paymentMethod, paymentDate)
        VALUES (97, 'Expense 97', 529.40, 'Method 97', '2015-11-28');
        
        INSERT INTO Finance (truckID, expense, totalAmount, paymentMethod, paymentDate)
        VALUES (98, 'Expense 98', 149.69, 'Method 98', '2021-02-19');
        
        INSERT INTO Finance (truckID, expense, totalAmount, paymentMethod, paymentDate)
        VALUES (99, 'Expense 99', 252.36, 'Method 99', '2015-11-01');
        
        INSERT INTO Finance (truckID, expense, totalAmount, paymentMethod, paymentDate)
        VALUES (100, 'Expense 100', 945.33, 'Method 100', '2015-05-08');
        
        INSERT INTO Tax (entryID, amount, tax, taxRate)
        VALUES (1, 361.15, 20.41, 17);
        
        INSERT INTO Tax (entryID, amount, tax, taxRate)
        VALUES (2, 759.38, 31.43, 5);
        
        INSERT INTO Tax (entryID, amount, tax, taxRate)
        VALUES (3, 288.17, 39.88, 7);
        
        INSERT INTO Tax (entryID, amount, tax, taxRate)
        VALUES (4, 247.33, 48.32, 10);
        
        INSERT INTO Tax (entryID, amount, tax, taxRate)
        VALUES (5, 525.33, 34.27, 17);
        
        INSERT INTO Tax (entryID, amount, tax, taxRate)
        VALUES (6, 997.99, 47.57, 7);
        
        INSERT INTO Tax (entryID, amount, tax, taxRate)
        VALUES (7, 229.31, 48.52, 6);
        
        INSERT INTO Tax (entryID, amount, tax, taxRate)
        VALUES (8, 430.72, 19.91, 5);
        
        INSERT INTO Tax (entryID, amount, tax, taxRate)
        VALUES (9, 826.64, 24.85, 19);
        
        INSERT INTO Tax (entryID, amount, tax, taxRate)
        VALUES (10, 682.47, 13.34, 13);
        
        INSERT INTO Tax (entryID, amount, tax, taxRate)
        VALUES (11, 448.58, 29.55, 14);
        
        INSERT INTO Tax (entryID, amount, tax, taxRate)
        VALUES (12, 599.04, 35.07, 5);
        
        INSERT INTO Tax (entryID, amount, tax, taxRate)
        VALUES (13, 528.65, 29.23, 9);
        
        INSERT INTO Tax (entryID, amount, tax, taxRate)
        VALUES (14, 622.10, 39.30, 20);
        
        INSERT INTO Tax (entryID, amount, tax, taxRate)
        VALUES (15, 741.26, 13.81, 10);
        
        INSERT INTO Tax (entryID, amount, tax, taxRate)
        VALUES (16, 844.07, 48.70, 13);
        
        INSERT INTO Tax (entryID, amount, tax, taxRate)
        VALUES (17, 898.68, 48.87, 13);
        
        INSERT INTO Tax (entryID, amount, tax, taxRate)
        VALUES (18, 610.45, 41.97, 6);
        
        INSERT INTO Tax (entryID, amount, tax, taxRate)
        VALUES (19, 330.43, 47.16, 19);
        
        INSERT INTO Tax (entryID, amount, tax, taxRate)
        VALUES (20, 483.01, 19.23, 17);
        
        INSERT INTO Tax (entryID, amount, tax, taxRate)
        VALUES (21, 830.39, 38.10, 19);
        
        INSERT INTO Tax (entryID, amount, tax, taxRate)
        VALUES (22, 656.21, 17.77, 6);
        
        INSERT INTO Tax (entryID, amount, tax, taxRate)
        VALUES (23, 971.45, 16.19, 15);
        
        INSERT INTO Tax (entryID, amount, tax, taxRate)
        VALUES (24, 648.55, 33.57, 17);
        
        INSERT INTO Tax (entryID, amount, tax, taxRate)
        VALUES (25, 738.37, 13.68, 11);
        
        INSERT INTO Tax (entryID, amount, tax, taxRate)
        VALUES (26, 830.42, 43.20, 19);
        
        INSERT INTO Tax (entryID, amount, tax, taxRate)
        VALUES (27, 351.96, 25.39, 20);
        
        INSERT INTO Tax (entryID, amount, tax, taxRate)
        VALUES (28, 154.05, 29.60, 11);
        
        INSERT INTO Tax (entryID, amount, tax, taxRate)
        VALUES (29, 556.79, 35.06, 6);
        
        INSERT INTO Tax (entryID, amount, tax, taxRate)
        VALUES (30, 781.39, 41.00, 19);
        
        INSERT INTO Tax (entryID, amount, tax, taxRate)
        VALUES (31, 780.83, 32.93, 9);
        
        INSERT INTO Tax (entryID, amount, tax, taxRate)
        VALUES (32, 974.30, 41.20, 5);
        
        INSERT INTO Tax (entryID, amount, tax, taxRate)
        VALUES (33, 871.44, 27.41, 18);
        
        INSERT INTO Tax (entryID, amount, tax, taxRate)
        VALUES (34, 878.02, 19.47, 13);
        
        INSERT INTO Tax (entryID, amount, tax, taxRate)
        VALUES (35, 491.16, 25.09, 10);
        
        INSERT INTO Tax (entryID, amount, tax, taxRate)
        VALUES (36, 539.33, 24.42, 19);
        
        INSERT INTO Tax (entryID, amount, tax, taxRate)
        VALUES (37, 557.61, 27.85, 13);
        
        INSERT INTO Tax (entryID, amount, tax, taxRate)
        VALUES (38, 224.75, 35.23, 12);
        
        INSERT INTO Tax (entryID, amount, tax, taxRate)
        VALUES (39, 977.90, 39.10, 18);
        
        INSERT INTO Tax (entryID, amount, tax, taxRate)
        VALUES (40, 772.35, 30.94, 13);
        
        INSERT INTO Tax (entryID, amount, tax, taxRate)
        VALUES (41, 382.82, 45.61, 14);
        
        INSERT INTO Tax (entryID, amount, tax, taxRate)
        VALUES (42, 709.07, 45.44, 5);
        
        INSERT INTO Tax (entryID, amount, tax, taxRate)
        VALUES (43, 337.79, 47.48, 17);
        
        INSERT INTO Tax (entryID, amount, tax, taxRate)
        VALUES (44, 841.67, 17.65, 9);
        
        INSERT INTO Tax (entryID, amount, tax, taxRate)
        VALUES (45, 709.22, 36.69, 9);
        
        INSERT INTO Tax (entryID, amount, tax, taxRate)
        VALUES (46, 586.37, 38.78, 11);
        
        INSERT INTO Tax (entryID, amount, tax, taxRate)
        VALUES (47, 316.66, 13.30, 14);
        
        INSERT INTO Tax (entryID, amount, tax, taxRate)
        VALUES (48, 256.53, 45.52, 6);
        
        INSERT INTO Tax (entryID, amount, tax, taxRate)
        VALUES (49, 867.82, 11.92, 18);
        
        INSERT INTO Tax (entryID, amount, tax, taxRate)
        VALUES (50, 336.80, 41.68, 18);
        
        INSERT INTO Tax (entryID, amount, tax, taxRate)
        VALUES (51, 733.93, 29.63, 8);
        
        INSERT INTO Tax (entryID, amount, tax, taxRate)
        VALUES (52, 685.32, 31.30, 18);
        
        INSERT INTO Tax (entryID, amount, tax, taxRate)
        VALUES (53, 229.24, 27.41, 5);
        
        INSERT INTO Tax (entryID, amount, tax, taxRate)
        VALUES (54, 675.68, 47.93, 6);
        
        INSERT INTO Tax (entryID, amount, tax, taxRate)
        VALUES (55, 671.49, 21.73, 6);
        
        INSERT INTO Tax (entryID, amount, tax, taxRate)
        VALUES (56, 813.68, 14.22, 5);
        
        INSERT INTO Tax (entryID, amount, tax, taxRate)
        VALUES (57, 996.45, 42.72, 17);
        
        INSERT INTO Tax (entryID, amount, tax, taxRate)
        VALUES (58, 659.10, 47.89, 19);
        
        INSERT INTO Tax (entryID, amount, tax, taxRate)
        VALUES (59, 751.39, 24.50, 9);
        
        INSERT INTO Tax (entryID, amount, tax, taxRate)
        VALUES (60, 831.23, 44.01, 20);
        
        INSERT INTO Tax (entryID, amount, tax, taxRate)
        VALUES (61, 344.36, 46.93, 12);
        
        INSERT INTO Tax (entryID, amount, tax, taxRate)
        VALUES (62, 813.45, 45.93, 9);
        
        INSERT INTO Tax (entryID, amount, tax, taxRate)
        VALUES (63, 986.74, 23.54, 15);
        
        INSERT INTO Tax (entryID, amount, tax, taxRate)
        VALUES (64, 252.90, 25.36, 18);
        
        INSERT INTO Tax (entryID, amount, tax, taxRate)
        VALUES (65, 274.67, 48.67, 10);
        
        INSERT INTO Tax (entryID, amount, tax, taxRate)
        VALUES (66, 330.73, 15.89, 18);
        
        INSERT INTO Tax (entryID, amount, tax, taxRate)
        VALUES (67, 456.90, 30.40, 6);
        
        INSERT INTO Tax (entryID, amount, tax, taxRate)
        VALUES (68, 334.45, 43.79, 16);
        
        INSERT INTO Tax (entryID, amount, tax, taxRate)
        VALUES (69, 747.24, 19.60, 9);
        
        INSERT INTO Tax (entryID, amount, tax, taxRate)
        VALUES (70, 931.62, 45.83, 16);
        
        INSERT INTO Tax (entryID, amount, tax, taxRate)
        VALUES (71, 277.17, 31.85, 12);
        
        INSERT INTO Tax (entryID, amount, tax, taxRate)
        VALUES (72, 720.81, 48.60, 13);
        
        INSERT INTO Tax (entryID, amount, tax, taxRate)
        VALUES (73, 523.24, 43.57, 11);
        
        INSERT INTO Tax (entryID, amount, tax, taxRate)
        VALUES (74, 440.69, 33.91, 17);
        
        INSERT INTO Tax (entryID, amount, tax, taxRate)
        VALUES (75, 689.56, 11.41, 9);
        
        INSERT INTO Tax (entryID, amount, tax, taxRate)
        VALUES (76, 921.71, 27.20, 5);
        
        INSERT INTO Tax (entryID, amount, tax, taxRate)
        VALUES (77, 613.57, 35.46, 18);
        
        INSERT INTO Tax (entryID, amount, tax, taxRate)
        VALUES (78, 611.53, 22.02, 17);
        
        INSERT INTO Tax (entryID, amount, tax, taxRate)
        VALUES (79, 903.19, 21.41, 16);
        
        INSERT INTO Tax (entryID, amount, tax, taxRate)
        VALUES (80, 443.47, 15.54, 11);
        
        INSERT INTO Tax (entryID, amount, tax, taxRate)
        VALUES (81, 748.52, 36.36, 13);
        
        INSERT INTO Tax (entryID, amount, tax, taxRate)
        VALUES (82, 652.68, 12.40, 14);
        
        INSERT INTO Tax (entryID, amount, tax, taxRate)
        VALUES (83, 480.14, 41.12, 8);
        
        INSERT INTO Tax (entryID, amount, tax, taxRate)
        VALUES (84, 433.10, 23.08, 13);
        
        INSERT INTO Tax (entryID, amount, tax, taxRate)
        VALUES (85, 880.01, 33.49, 9);
        
        INSERT INTO Tax (entryID, amount, tax, taxRate)
        VALUES (86, 894.16, 45.45, 15);
        
        INSERT INTO Tax (entryID, amount, tax, taxRate)
        VALUES (87, 228.79, 14.75, 16);
        
        INSERT INTO Tax (entryID, amount, tax, taxRate)
        VALUES (88, 761.27, 36.84, 12);
        
        INSERT INTO Tax (entryID, amount, tax, taxRate)
        VALUES (89, 217.56, 35.61, 5);
        
        INSERT INTO Tax (entryID, amount, tax, taxRate)
        VALUES (90, 217.07, 36.10, 11);
        
        INSERT INTO Tax (entryID, amount, tax, taxRate)
        VALUES (91, 625.76, 44.45, 9);
        
        INSERT INTO Tax (entryID, amount, tax, taxRate)
        VALUES (92, 692.40, 46.90, 7);
        
        INSERT INTO Tax (entryID, amount, tax, taxRate)
        VALUES (93, 492.08, 21.85, 15);
        
        INSERT INTO Tax (entryID, amount, tax, taxRate)
        VALUES (94, 727.28, 15.93, 19);
        
        INSERT INTO Tax (entryID, amount, tax, taxRate)
        VALUES (95, 549.45, 35.01, 19);
        
        INSERT INTO Tax (entryID, amount, tax, taxRate)
        VALUES (96, 403.04, 27.74, 13);
        
        INSERT INTO Tax (entryID, amount, tax, taxRate)
        VALUES (97, 841.18, 44.64, 17);
        
        INSERT INTO Tax (entryID, amount, tax, taxRate)
        VALUES (98, 142.27, 12.92, 14);
        
        INSERT INTO Tax (entryID, amount, tax, taxRate)
        VALUES (99, 271.78, 37.92, 12);
        
        INSERT INTO Tax (entryID, amount, tax, taxRate)
        VALUES (100, 737.44, 22.79, 15);
        
        INSERT INTO Invoice (supplierID, shipmentID, invoiceNumber, invoiceDate, paymentDate)
        VALUES (1, 1, 'INV-001', '2016-09-29', '2015-10-26');
        
        INSERT INTO Invoice (supplierID, shipmentID, invoiceNumber, invoiceDate, paymentDate)
        VALUES (2, 2, 'INV-002', '2019-05-25', '2019-05-15');
        
        INSERT INTO Invoice (supplierID, shipmentID, invoiceNumber, invoiceDate, paymentDate)
        VALUES (3, 3, 'INV-003', '2016-11-16', '2018-05-24');
        
        INSERT INTO Invoice (supplierID, shipmentID, invoiceNumber, invoiceDate, paymentDate)
        VALUES (4, 4, 'INV-004', '2016-02-04', '2018-02-01');
        
        INSERT INTO Invoice (supplierID, shipmentID, invoiceNumber, invoiceDate, paymentDate)
        VALUES (5, 5, 'INV-005', '2016-12-28', '2018-09-08');
        
        INSERT INTO Invoice (supplierID, shipmentID, invoiceNumber, invoiceDate, paymentDate)
        VALUES (6, 6, 'INV-006', '2019-12-24', '2020-02-10');
        
        INSERT INTO Invoice (supplierID, shipmentID, invoiceNumber, invoiceDate, paymentDate)
        VALUES (7, 7, 'INV-007', '2016-07-05', '2018-11-29');
        
        INSERT INTO Invoice (supplierID, shipmentID, invoiceNumber, invoiceDate, paymentDate)
        VALUES (8, 8, 'INV-008', '2016-02-04', '2021-08-05');
        
        INSERT INTO Invoice (supplierID, shipmentID, invoiceNumber, invoiceDate, paymentDate)
        VALUES (9, 9, 'INV-009', '2021-03-21', '2019-02-05');
        
        INSERT INTO Invoice (supplierID, shipmentID, invoiceNumber, invoiceDate, paymentDate)
        VALUES (10, 10, 'INV-010', '2022-01-21', '2019-11-28');
        
        INSERT INTO Invoice (supplierID, shipmentID, invoiceNumber, invoiceDate, paymentDate)
        VALUES (11, 11, 'INV-011', '2019-08-20', '2018-04-17');
        
        INSERT INTO Invoice (supplierID, shipmentID, invoiceNumber, invoiceDate, paymentDate)
        VALUES (12, 12, 'INV-012', '2017-04-19', '2020-10-03');
        
        INSERT INTO Invoice (supplierID, shipmentID, invoiceNumber, invoiceDate, paymentDate)
        VALUES (13, 13, 'INV-013', '2019-05-15', '2022-02-25');
        
        INSERT INTO Invoice (supplierID, shipmentID, invoiceNumber, invoiceDate, paymentDate)
        VALUES (14, 14, 'INV-014', '2018-02-20', '2021-06-15');
        
        INSERT INTO Invoice (supplierID, shipmentID, invoiceNumber, invoiceDate, paymentDate)
        VALUES (15, 15, 'INV-015', '2015-12-17', '2016-12-20');
        
        INSERT INTO Invoice (supplierID, shipmentID, invoiceNumber, invoiceDate, paymentDate)
        VALUES (16, 16, 'INV-016', '2022-03-17', '2016-01-09');
        
        INSERT INTO Invoice (supplierID, shipmentID, invoiceNumber, invoiceDate, paymentDate)
        VALUES (17, 17, 'INV-017', '2016-06-09', '2016-03-16');
        
        INSERT INTO Invoice (supplierID, shipmentID, invoiceNumber, invoiceDate, paymentDate)
        VALUES (18, 18, 'INV-018', '2018-12-20', '2016-08-10');
        
        INSERT INTO Invoice (supplierID, shipmentID, invoiceNumber, invoiceDate, paymentDate)
        VALUES (19, 19, 'INV-019', '2021-08-20', '2021-02-08');
        
        INSERT INTO Invoice (supplierID, shipmentID, invoiceNumber, invoiceDate, paymentDate)
        VALUES (20, 20, 'INV-020', '2021-03-04', '2017-11-18');
        
        INSERT INTO Invoice (supplierID, shipmentID, invoiceNumber, invoiceDate, paymentDate)
        VALUES (21, 21, 'INV-021', '2015-02-16', '2020-07-06');
        
        INSERT INTO Invoice (supplierID, shipmentID, invoiceNumber, invoiceDate, paymentDate)
        VALUES (22, 22, 'INV-022', '2016-06-27', '2019-08-31');
        
        INSERT INTO Invoice (supplierID, shipmentID, invoiceNumber, invoiceDate, paymentDate)
        VALUES (23, 23, 'INV-023', '2016-01-12', '2020-11-26');
        
        INSERT INTO Invoice (supplierID, shipmentID, invoiceNumber, invoiceDate, paymentDate)
        VALUES (24, 24, 'INV-024', '2016-05-17', '2022-05-13');
        
        INSERT INTO Invoice (supplierID, shipmentID, invoiceNumber, invoiceDate, paymentDate)
        VALUES (25, 25, 'INV-025', '2017-11-15', '2017-02-02');
        
        INSERT INTO Invoice (supplierID, shipmentID, invoiceNumber, invoiceDate, paymentDate)
        VALUES (26, 26, 'INV-026', '2020-04-13', '2017-05-28');
        
        INSERT INTO Invoice (supplierID, shipmentID, invoiceNumber, invoiceDate, paymentDate)
        VALUES (27, 27, 'INV-027', '2019-10-28', '2018-08-17');
        
        INSERT INTO Invoice (supplierID, shipmentID, invoiceNumber, invoiceDate, paymentDate)
        VALUES (28, 28, 'INV-028', '2020-08-05', '2020-03-19');
        
        INSERT INTO Invoice (supplierID, shipmentID, invoiceNumber, invoiceDate, paymentDate)
        VALUES (29, 29, 'INV-029', '2016-05-20', '2016-07-25');
        
        INSERT INTO Invoice (supplierID, shipmentID, invoiceNumber, invoiceDate, paymentDate)
        VALUES (30, 30, 'INV-030', '2019-06-08', '2015-05-24');
        
        INSERT INTO Invoice (supplierID, shipmentID, invoiceNumber, invoiceDate, paymentDate)
        VALUES (31, 31, 'INV-031', '2022-05-13', '2015-09-17');
        
        INSERT INTO Invoice (supplierID, shipmentID, invoiceNumber, invoiceDate, paymentDate)
        VALUES (32, 32, 'INV-032', '2022-10-06', '2021-02-28');
        
        INSERT INTO Invoice (supplierID, shipmentID, invoiceNumber, invoiceDate, paymentDate)
        VALUES (33, 33, 'INV-033', '2019-04-11', '2021-12-07');
        
        INSERT INTO Invoice (supplierID, shipmentID, invoiceNumber, invoiceDate, paymentDate)
        VALUES (34, 34, 'INV-034', '2016-04-09', '2016-09-27');
        
        INSERT INTO Invoice (supplierID, shipmentID, invoiceNumber, invoiceDate, paymentDate)
        VALUES (35, 35, 'INV-035', '2016-03-18', '2015-01-01');
        
        INSERT INTO Invoice (supplierID, shipmentID, invoiceNumber, invoiceDate, paymentDate)
        VALUES (36, 36, 'INV-036', '2022-10-10', '2018-03-03');
        
        INSERT INTO Invoice (supplierID, shipmentID, invoiceNumber, invoiceDate, paymentDate)
        VALUES (37, 37, 'INV-037', '2019-01-01', '2018-10-13');
        
        INSERT INTO Invoice (supplierID, shipmentID, invoiceNumber, invoiceDate, paymentDate)
        VALUES (38, 38, 'INV-038', '2022-01-17', '2022-12-08');
        
        INSERT INTO Invoice (supplierID, shipmentID, invoiceNumber, invoiceDate, paymentDate)
        VALUES (39, 39, 'INV-039', '2019-12-29', '2015-10-11');
        
        INSERT INTO Invoice (supplierID, shipmentID, invoiceNumber, invoiceDate, paymentDate)
        VALUES (40, 40, 'INV-040', '2018-02-09', '2019-10-19');
        
        INSERT INTO Invoice (supplierID, shipmentID, invoiceNumber, invoiceDate, paymentDate)
        VALUES (41, 41, 'INV-041', '2015-08-01', '2015-10-18');
        
        INSERT INTO Invoice (supplierID, shipmentID, invoiceNumber, invoiceDate, paymentDate)
        VALUES (42, 42, 'INV-042', '2016-10-31', '2017-08-06');
        
        INSERT INTO Invoice (supplierID, shipmentID, invoiceNumber, invoiceDate, paymentDate)
        VALUES (43, 43, 'INV-043', '2019-12-13', '2018-11-11');
        
        INSERT INTO Invoice (supplierID, shipmentID, invoiceNumber, invoiceDate, paymentDate)
        VALUES (44, 44, 'INV-044', '2022-08-20', '2016-03-20');
        
        INSERT INTO Invoice (supplierID, shipmentID, invoiceNumber, invoiceDate, paymentDate)
        VALUES (45, 45, 'INV-045', '2020-04-15', '2021-10-08');
        
        INSERT INTO Invoice (supplierID, shipmentID, invoiceNumber, invoiceDate, paymentDate)
        VALUES (46, 46, 'INV-046', '2019-07-17', '2018-11-05');
        
        INSERT INTO Invoice (supplierID, shipmentID, invoiceNumber, invoiceDate, paymentDate)
        VALUES (47, 47, 'INV-047', '2016-04-04', '2019-03-06');
        
        INSERT INTO Invoice (supplierID, shipmentID, invoiceNumber, invoiceDate, paymentDate)
        VALUES (48, 48, 'INV-048', '2020-07-21', '2021-02-01');
        
        INSERT INTO Invoice (supplierID, shipmentID, invoiceNumber, invoiceDate, paymentDate)
        VALUES (49, 49, 'INV-049', '2016-08-05', '2018-10-21');
        
        INSERT INTO Invoice (supplierID, shipmentID, invoiceNumber, invoiceDate, paymentDate)
        VALUES (50, 50, 'INV-050', '2016-07-19', '2015-01-23');
        
        INSERT INTO Invoice (supplierID, shipmentID, invoiceNumber, invoiceDate, paymentDate)
        VALUES (51, 51, 'INV-051', '2018-05-29', '2018-01-31');
        
        INSERT INTO Invoice (supplierID, shipmentID, invoiceNumber, invoiceDate, paymentDate)
        VALUES (52, 52, 'INV-052', '2017-12-09', '2022-01-02');
        
        INSERT INTO Invoice (supplierID, shipmentID, invoiceNumber, invoiceDate, paymentDate)
        VALUES (53, 53, 'INV-053', '2018-05-27', '2019-05-26');
        
        INSERT INTO Invoice (supplierID, shipmentID, invoiceNumber, invoiceDate, paymentDate)
        VALUES (54, 54, 'INV-054', '2021-05-19', '2017-11-15');
        
        INSERT INTO Invoice (supplierID, shipmentID, invoiceNumber, invoiceDate, paymentDate)
        VALUES (55, 55, 'INV-055', '2021-02-15', '2016-06-17');
        
        INSERT INTO Invoice (supplierID, shipmentID, invoiceNumber, invoiceDate, paymentDate)
        VALUES (56, 56, 'INV-056', '2018-07-15', '2020-08-13');
        
        INSERT INTO Invoice (supplierID, shipmentID, invoiceNumber, invoiceDate, paymentDate)
        VALUES (57, 57, 'INV-057', '2021-05-21', '2021-03-17');
        
        INSERT INTO Invoice (supplierID, shipmentID, invoiceNumber, invoiceDate, paymentDate)
        VALUES (58, 58, 'INV-058', '2018-04-22', '2019-02-20');
        
        INSERT INTO Invoice (supplierID, shipmentID, invoiceNumber, invoiceDate, paymentDate)
        VALUES (59, 59, 'INV-059', '2019-12-04', '2022-04-28');
        
        INSERT INTO Invoice (supplierID, shipmentID, invoiceNumber, invoiceDate, paymentDate)
        VALUES (60, 60, 'INV-060', '2016-12-28', '2016-07-17');
        
        INSERT INTO Invoice (supplierID, shipmentID, invoiceNumber, invoiceDate, paymentDate)
        VALUES (61, 61, 'INV-061', '2016-10-04', '2017-10-16');
        
        INSERT INTO Invoice (supplierID, shipmentID, invoiceNumber, invoiceDate, paymentDate)
        VALUES (62, 62, 'INV-062', '2020-05-06', '2019-05-23');
        
        INSERT INTO Invoice (supplierID, shipmentID, invoiceNumber, invoiceDate, paymentDate)
        VALUES (63, 63, 'INV-063', '2017-02-04', '2019-02-07');
        
        INSERT INTO Invoice (supplierID, shipmentID, invoiceNumber, invoiceDate, paymentDate)
        VALUES (64, 64, 'INV-064', '2022-11-07', '2016-10-27');
        
        INSERT INTO Invoice (supplierID, shipmentID, invoiceNumber, invoiceDate, paymentDate)
        VALUES (65, 65, 'INV-065', '2021-05-16', '2017-08-10');
        
        INSERT INTO Invoice (supplierID, shipmentID, invoiceNumber, invoiceDate, paymentDate)
        VALUES (66, 66, 'INV-066', '2022-12-06', '2018-04-02');
        
        INSERT INTO Invoice (supplierID, shipmentID, invoiceNumber, invoiceDate, paymentDate)
        VALUES (67, 67, 'INV-067', '2017-11-19', '2017-10-06');
        
        INSERT INTO Invoice (supplierID, shipmentID, invoiceNumber, invoiceDate, paymentDate)
        VALUES (68, 68, 'INV-068', '2018-06-29', '2019-09-17');
        
        INSERT INTO Invoice (supplierID, shipmentID, invoiceNumber, invoiceDate, paymentDate)
        VALUES (69, 69, 'INV-069', '2020-10-18', '2016-05-21');
        
        INSERT INTO Invoice (supplierID, shipmentID, invoiceNumber, invoiceDate, paymentDate)
        VALUES (70, 70, 'INV-070', '2019-01-31', '2017-12-01');
        
        INSERT INTO Invoice (supplierID, shipmentID, invoiceNumber, invoiceDate, paymentDate)
        VALUES (71, 71, 'INV-071', '2016-03-14', '2018-09-07');
        
        INSERT INTO Invoice (supplierID, shipmentID, invoiceNumber, invoiceDate, paymentDate)
        VALUES (72, 72, 'INV-072', '2020-10-22', '2020-06-25');
        
        INSERT INTO Invoice (supplierID, shipmentID, invoiceNumber, invoiceDate, paymentDate)
        VALUES (73, 73, 'INV-073', '2017-04-15', '2016-05-19');
        
        INSERT INTO Invoice (supplierID, shipmentID, invoiceNumber, invoiceDate, paymentDate)
        VALUES (74, 74, 'INV-074', '2016-03-23', '2018-09-08');
        
        INSERT INTO Invoice (supplierID, shipmentID, invoiceNumber, invoiceDate, paymentDate)
        VALUES (75, 75, 'INV-075', '2017-04-12', '2018-07-08');
        
        INSERT INTO Invoice (supplierID, shipmentID, invoiceNumber, invoiceDate, paymentDate)
        VALUES (76, 76, 'INV-076', '2019-11-19', '2022-01-27');
        
        INSERT INTO Invoice (supplierID, shipmentID, invoiceNumber, invoiceDate, paymentDate)
        VALUES (77, 77, 'INV-077', '2022-11-11', '2020-04-18');
        
        INSERT INTO Invoice (supplierID, shipmentID, invoiceNumber, invoiceDate, paymentDate)
        VALUES (78, 78, 'INV-078', '2021-05-26', '2017-03-14');
        
        INSERT INTO Invoice (supplierID, shipmentID, invoiceNumber, invoiceDate, paymentDate)
        VALUES (79, 79, 'INV-079', '2017-06-04', '2020-12-15');
        
        INSERT INTO Invoice (supplierID, shipmentID, invoiceNumber, invoiceDate, paymentDate)
        VALUES (80, 80, 'INV-080', '2021-08-01', '2018-06-30');
        
        INSERT INTO Invoice (supplierID, shipmentID, invoiceNumber, invoiceDate, paymentDate)
        VALUES (81, 81, 'INV-081', '2017-11-21', '2015-04-13');
        
        INSERT INTO Invoice (supplierID, shipmentID, invoiceNumber, invoiceDate, paymentDate)
        VALUES (82, 82, 'INV-082', '2016-02-29', '2022-09-22');
        
        INSERT INTO Invoice (supplierID, shipmentID, invoiceNumber, invoiceDate, paymentDate)
        VALUES (83, 83, 'INV-083', '2016-04-19', '2017-07-04');
        
        INSERT INTO Invoice (supplierID, shipmentID, invoiceNumber, invoiceDate, paymentDate)
        VALUES (84, 84, 'INV-084', '2016-05-20', '2019-05-19');
        
        INSERT INTO Invoice (supplierID, shipmentID, invoiceNumber, invoiceDate, paymentDate)
        VALUES (85, 85, 'INV-085', '2015-04-06', '2018-08-22');
        
        INSERT INTO Invoice (supplierID, shipmentID, invoiceNumber, invoiceDate, paymentDate)
        VALUES (86, 86, 'INV-086', '2019-04-28', '2018-11-20');
        
        INSERT INTO Invoice (supplierID, shipmentID, invoiceNumber, invoiceDate, paymentDate)
        VALUES (87, 87, 'INV-087', '2022-01-23', '2020-11-01');
        
        INSERT INTO Invoice (supplierID, shipmentID, invoiceNumber, invoiceDate, paymentDate)
        VALUES (88, 88, 'INV-088', '2020-11-01', '2018-11-12');
        
        INSERT INTO Invoice (supplierID, shipmentID, invoiceNumber, invoiceDate, paymentDate)
        VALUES (89, 89, 'INV-089', '2022-06-23', '2019-02-25');
        
        INSERT INTO Invoice (supplierID, shipmentID, invoiceNumber, invoiceDate, paymentDate)
        VALUES (90, 90, 'INV-090', '2015-12-10', '2017-03-06');
        
        INSERT INTO Invoice (supplierID, shipmentID, invoiceNumber, invoiceDate, paymentDate)
        VALUES (91, 91, 'INV-091', '2019-10-01', '2020-10-04');
        
        INSERT INTO Invoice (supplierID, shipmentID, invoiceNumber, invoiceDate, paymentDate)
        VALUES (92, 92, 'INV-092', '2017-12-19', '2018-01-07');
        
        INSERT INTO Invoice (supplierID, shipmentID, invoiceNumber, invoiceDate, paymentDate)
        VALUES (93, 93, 'INV-093', '2020-08-24', '2020-05-13');
        
        INSERT INTO Invoice (supplierID, shipmentID, invoiceNumber, invoiceDate, paymentDate)
        VALUES (94, 94, 'INV-094', '2018-04-11', '2017-10-10');
        
        INSERT INTO Invoice (supplierID, shipmentID, invoiceNumber, invoiceDate, paymentDate)
        VALUES (95, 95, 'INV-095', '2017-12-09', '2015-04-11');
        
        INSERT INTO Invoice (supplierID, shipmentID, invoiceNumber, invoiceDate, paymentDate)
        VALUES (96, 96, 'INV-096', '2018-06-22', '2020-07-19');
        
        INSERT INTO Invoice (supplierID, shipmentID, invoiceNumber, invoiceDate, paymentDate)
        VALUES (97, 97, 'INV-097', '2017-07-01', '2016-03-22');
        
        INSERT INTO Invoice (supplierID, shipmentID, invoiceNumber, invoiceDate, paymentDate)
        VALUES (98, 98, 'INV-098', '2018-11-28', '2021-05-14');
        
        INSERT INTO Invoice (supplierID, shipmentID, invoiceNumber, invoiceDate, paymentDate)
        VALUES (99, 99, 'INV-099', '2019-10-23', '2019-12-04');
        
        INSERT INTO Invoice (supplierID, shipmentID, invoiceNumber, invoiceDate, paymentDate)
        VALUES (100, 100, 'INV-100', '2015-12-17', '2019-08-15');
        
        INSERT INTO InvoiceTax (invoiceID, totalAmount, taxedAmount, currency, paymentTerms)
        VALUES (1, 168.33, 128.99, 'CAD', 'NET30');
        
        INSERT INTO InvoiceTax (invoiceID, totalAmount, taxedAmount, currency, paymentTerms)
        VALUES (2, 383.10, 177.30, 'CAD', 'NET30');
        
        INSERT INTO InvoiceTax (invoiceID, totalAmount, taxedAmount, currency, paymentTerms)
        VALUES (3, 392.48, 59.57, 'CAD', 'NET30');
        
        INSERT INTO InvoiceTax (invoiceID, totalAmount, taxedAmount, currency, paymentTerms)
        VALUES (4, 460.63, 80.32, 'CAD', 'NET30');
        
        INSERT INTO InvoiceTax (invoiceID, totalAmount, taxedAmount, currency, paymentTerms)
        VALUES (5, 352.19, 150.27, 'CAD', 'NET30');
        
        INSERT INTO InvoiceTax (invoiceID, totalAmount, taxedAmount, currency, paymentTerms)
        VALUES (6, 158.05, 200.65, 'CAD', 'NET30');
        
        INSERT INTO InvoiceTax (invoiceID, totalAmount, taxedAmount, currency, paymentTerms)
        VALUES (7, 475.66, 240.52, 'CAD', 'NET30');
        
        INSERT INTO InvoiceTax (invoiceID, totalAmount, taxedAmount, currency, paymentTerms)
        VALUES (8, 487.82, 213.42, 'CAD', 'NET30');
        
        INSERT INTO InvoiceTax (invoiceID, totalAmount, taxedAmount, currency, paymentTerms)
        VALUES (9, 327.15, 163.99, 'CAD', 'NET30');
        
        INSERT INTO InvoiceTax (invoiceID, totalAmount, taxedAmount, currency, paymentTerms)
        VALUES (10, 221.22, 297.55, 'CAD', 'NET30');
        
        INSERT INTO InvoiceTax (invoiceID, totalAmount, taxedAmount, currency, paymentTerms)
        VALUES (11, 498.24, 64.22, 'CAD', 'NET30');
        
        INSERT INTO InvoiceTax (invoiceID, totalAmount, taxedAmount, currency, paymentTerms)
        VALUES (12, 447.92, 160.42, 'CAD', 'NET30');
        
        INSERT INTO InvoiceTax (invoiceID, totalAmount, taxedAmount, currency, paymentTerms)
        VALUES (13, 491.89, 78.56, 'CAD', 'NET30');
        
        INSERT INTO InvoiceTax (invoiceID, totalAmount, taxedAmount, currency, paymentTerms)
        VALUES (14, 103.90, 278.70, 'CAD', 'NET30');
        
        INSERT INTO InvoiceTax (invoiceID, totalAmount, taxedAmount, currency, paymentTerms)
        VALUES (15, 186.59, 164.18, 'CAD', 'NET30');
        
        INSERT INTO InvoiceTax (invoiceID, totalAmount, taxedAmount, currency, paymentTerms)
        VALUES (16, 279.43, 137.55, 'CAD', 'NET30');
        
        INSERT INTO InvoiceTax (invoiceID, totalAmount, taxedAmount, currency, paymentTerms)
        VALUES (17, 234.44, 59.32, 'CAD', 'NET30');
        
        INSERT INTO InvoiceTax (invoiceID, totalAmount, taxedAmount, currency, paymentTerms)
        VALUES (18, 400.16, 227.42, 'CAD', 'NET30');
        
        INSERT INTO InvoiceTax (invoiceID, totalAmount, taxedAmount, currency, paymentTerms)
        VALUES (19, 111.85, 155.97, 'CAD', 'NET30');
        
        INSERT INTO InvoiceTax (invoiceID, totalAmount, taxedAmount, currency, paymentTerms)
        VALUES (20, 221.25, 60.91, 'CAD', 'NET30');
        
        INSERT INTO InvoiceTax (invoiceID, totalAmount, taxedAmount, currency, paymentTerms)
        VALUES (21, 218.71, 245.70, 'CAD', 'NET30');
        
        INSERT INTO InvoiceTax (invoiceID, totalAmount, taxedAmount, currency, paymentTerms)
        VALUES (22, 120.03, 113.71, 'CAD', 'NET30');
        
        INSERT INTO InvoiceTax (invoiceID, totalAmount, taxedAmount, currency, paymentTerms)
        VALUES (23, 152.45, 180.96, 'CAD', 'NET30');
        
        INSERT INTO InvoiceTax (invoiceID, totalAmount, taxedAmount, currency, paymentTerms)
        VALUES (24, 489.48, 100.05, 'CAD', 'NET30');
        
        INSERT INTO InvoiceTax (invoiceID, totalAmount, taxedAmount, currency, paymentTerms)
        VALUES (25, 317.46, 297.21, 'CAD', 'NET30');
        
        INSERT INTO InvoiceTax (invoiceID, totalAmount, taxedAmount, currency, paymentTerms)
        VALUES (26, 231.39, 117.75, 'CAD', 'NET30');
        
        INSERT INTO InvoiceTax (invoiceID, totalAmount, taxedAmount, currency, paymentTerms)
        VALUES (27, 441.44, 235.78, 'CAD', 'NET30');
        
        INSERT INTO InvoiceTax (invoiceID, totalAmount, taxedAmount, currency, paymentTerms)
        VALUES (28, 499.59, 235.64, 'CAD', 'NET30');
        
        INSERT INTO InvoiceTax (invoiceID, totalAmount, taxedAmount, currency, paymentTerms)
        VALUES (29, 277.96, 96.91, 'CAD', 'NET30');
        
        INSERT INTO InvoiceTax (invoiceID, totalAmount, taxedAmount, currency, paymentTerms)
        VALUES (30, 347.17, 265.82, 'CAD', 'NET30');
        
        INSERT INTO InvoiceTax (invoiceID, totalAmount, taxedAmount, currency, paymentTerms)
        VALUES (31, 204.19, 179.79, 'CAD', 'NET30');
        
        INSERT INTO InvoiceTax (invoiceID, totalAmount, taxedAmount, currency, paymentTerms)
        VALUES (32, 343.67, 78.12, 'CAD', 'NET30');
        
        INSERT INTO InvoiceTax (invoiceID, totalAmount, taxedAmount, currency, paymentTerms)
        VALUES (33, 173.64, 54.84, 'CAD', 'NET30');
        
        INSERT INTO InvoiceTax (invoiceID, totalAmount, taxedAmount, currency, paymentTerms)
        VALUES (34, 103.78, 233.03, 'CAD', 'NET30');
        
        INSERT INTO InvoiceTax (invoiceID, totalAmount, taxedAmount, currency, paymentTerms)
        VALUES (35, 274.54, 112.45, 'CAD', 'NET30');
        
        INSERT INTO InvoiceTax (invoiceID, totalAmount, taxedAmount, currency, paymentTerms)
        VALUES (36, 351.49, 285.64, 'CAD', 'NET30');
        
        INSERT INTO InvoiceTax (invoiceID, totalAmount, taxedAmount, currency, paymentTerms)
        VALUES (37, 221.88, 98.18, 'CAD', 'NET30');
        
        INSERT INTO InvoiceTax (invoiceID, totalAmount, taxedAmount, currency, paymentTerms)
        VALUES (38, 155.41, 126.78, 'CAD', 'NET30');
        
        INSERT INTO InvoiceTax (invoiceID, totalAmount, taxedAmount, currency, paymentTerms)
        VALUES (39, 358.34, 61.96, 'CAD', 'NET30');
        
        INSERT INTO InvoiceTax (invoiceID, totalAmount, taxedAmount, currency, paymentTerms)
        VALUES (40, 236.27, 77.94, 'CAD', 'NET30');
        
        INSERT INTO InvoiceTax (invoiceID, totalAmount, taxedAmount, currency, paymentTerms)
        VALUES (41, 433.76, 206.30, 'CAD', 'NET30');
        
        INSERT INTO InvoiceTax (invoiceID, totalAmount, taxedAmount, currency, paymentTerms)
        VALUES (42, 369.75, 275.81, 'CAD', 'NET30');
        
        INSERT INTO InvoiceTax (invoiceID, totalAmount, taxedAmount, currency, paymentTerms)
        VALUES (43, 440.11, 297.30, 'CAD', 'NET30');
        
        INSERT INTO InvoiceTax (invoiceID, totalAmount, taxedAmount, currency, paymentTerms)
        VALUES (44, 403.02, 53.60, 'CAD', 'NET30');
        
        INSERT INTO InvoiceTax (invoiceID, totalAmount, taxedAmount, currency, paymentTerms)
        VALUES (45, 495.94, 136.73, 'CAD', 'NET30');
        
        INSERT INTO InvoiceTax (invoiceID, totalAmount, taxedAmount, currency, paymentTerms)
        VALUES (46, 352.43, 251.51, 'CAD', 'NET30');
        
        INSERT INTO InvoiceTax (invoiceID, totalAmount, taxedAmount, currency, paymentTerms)
        VALUES (47, 271.72, 130.57, 'CAD', 'NET30');
        
        INSERT INTO InvoiceTax (invoiceID, totalAmount, taxedAmount, currency, paymentTerms)
        VALUES (48, 380.64, 110.89, 'CAD', 'NET30');
        
        INSERT INTO InvoiceTax (invoiceID, totalAmount, taxedAmount, currency, paymentTerms)
        VALUES (49, 374.68, 90.93, 'CAD', 'NET30');
        
        INSERT INTO InvoiceTax (invoiceID, totalAmount, taxedAmount, currency, paymentTerms)
        VALUES (50, 266.00, 280.37, 'CAD', 'NET30');
        
        INSERT INTO InvoiceTax (invoiceID, totalAmount, taxedAmount, currency, paymentTerms)
        VALUES (51, 172.21, 267.37, 'CAD', 'NET30');
        
        INSERT INTO InvoiceTax (invoiceID, totalAmount, taxedAmount, currency, paymentTerms)
        VALUES (52, 154.39, 150.47, 'CAD', 'NET30');
        
        INSERT INTO InvoiceTax (invoiceID, totalAmount, taxedAmount, currency, paymentTerms)
        VALUES (53, 351.14, 295.02, 'CAD', 'NET30');
        
        INSERT INTO InvoiceTax (invoiceID, totalAmount, taxedAmount, currency, paymentTerms)
        VALUES (54, 129.14, 193.00, 'CAD', 'NET30');
        
        INSERT INTO InvoiceTax (invoiceID, totalAmount, taxedAmount, currency, paymentTerms)
        VALUES (55, 190.70, 86.48, 'CAD', 'NET30');
        
        INSERT INTO InvoiceTax (invoiceID, totalAmount, taxedAmount, currency, paymentTerms)
        VALUES (56, 142.13, 175.67, 'CAD', 'NET30');
        
        INSERT INTO InvoiceTax (invoiceID, totalAmount, taxedAmount, currency, paymentTerms)
        VALUES (57, 124.60, 181.08, 'CAD', 'NET30');
        
        INSERT INTO InvoiceTax (invoiceID, totalAmount, taxedAmount, currency, paymentTerms)
        VALUES (58, 159.50, 192.28, 'CAD', 'NET30');
        
        INSERT INTO InvoiceTax (invoiceID, totalAmount, taxedAmount, currency, paymentTerms)
        VALUES (59, 484.12, 284.92, 'CAD', 'NET30');
        
        INSERT INTO InvoiceTax (invoiceID, totalAmount, taxedAmount, currency, paymentTerms)
        VALUES (60, 390.79, 83.24, 'CAD', 'NET30');
        
        INSERT INTO InvoiceTax (invoiceID, totalAmount, taxedAmount, currency, paymentTerms)
        VALUES (61, 179.25, 279.26, 'CAD', 'NET30');
        
        INSERT INTO InvoiceTax (invoiceID, totalAmount, taxedAmount, currency, paymentTerms)
        VALUES (62, 284.89, 73.07, 'CAD', 'NET30');
        
        INSERT INTO InvoiceTax (invoiceID, totalAmount, taxedAmount, currency, paymentTerms)
        VALUES (63, 127.01, 219.36, 'CAD', 'NET30');
        
        INSERT INTO InvoiceTax (invoiceID, totalAmount, taxedAmount, currency, paymentTerms)
        VALUES (64, 470.97, 246.33, 'CAD', 'NET30');
        
        INSERT INTO InvoiceTax (invoiceID, totalAmount, taxedAmount, currency, paymentTerms)
        VALUES (65, 410.30, 89.98, 'CAD', 'NET30');
        
        INSERT INTO InvoiceTax (invoiceID, totalAmount, taxedAmount, currency, paymentTerms)
        VALUES (66, 432.00, 298.78, 'CAD', 'NET30');
        
        INSERT INTO InvoiceTax (invoiceID, totalAmount, taxedAmount, currency, paymentTerms)
        VALUES (67, 410.59, 182.54, 'CAD', 'NET30');
        
        INSERT INTO InvoiceTax (invoiceID, totalAmount, taxedAmount, currency, paymentTerms)
        VALUES (68, 272.56, 165.34, 'CAD', 'NET30');
        
        INSERT INTO InvoiceTax (invoiceID, totalAmount, taxedAmount, currency, paymentTerms)
        VALUES (69, 125.85, 87.25, 'CAD', 'NET30');
        
        INSERT INTO InvoiceTax (invoiceID, totalAmount, taxedAmount, currency, paymentTerms)
        VALUES (70, 331.78, 59.77, 'CAD', 'NET30');
        
        INSERT INTO InvoiceTax (invoiceID, totalAmount, taxedAmount, currency, paymentTerms)
        VALUES (71, 347.21, 150.85, 'CAD', 'NET30');
        
        INSERT INTO InvoiceTax (invoiceID, totalAmount, taxedAmount, currency, paymentTerms)
        VALUES (72, 108.26, 67.90, 'CAD', 'NET30');
        
        INSERT INTO InvoiceTax (invoiceID, totalAmount, taxedAmount, currency, paymentTerms)
        VALUES (73, 484.48, 270.45, 'CAD', 'NET30');
        
        INSERT INTO InvoiceTax (invoiceID, totalAmount, taxedAmount, currency, paymentTerms)
        VALUES (74, 271.37, 274.40, 'CAD', 'NET30');
        
        INSERT INTO InvoiceTax (invoiceID, totalAmount, taxedAmount, currency, paymentTerms)
        VALUES (75, 320.67, 261.58, 'CAD', 'NET30');
        
        INSERT INTO InvoiceTax (invoiceID, totalAmount, taxedAmount, currency, paymentTerms)
        VALUES (76, 221.06, 89.94, 'CAD', 'NET30');
        
        INSERT INTO InvoiceTax (invoiceID, totalAmount, taxedAmount, currency, paymentTerms)
        VALUES (77, 456.51, 109.67, 'CAD', 'NET30');
        
        INSERT INTO InvoiceTax (invoiceID, totalAmount, taxedAmount, currency, paymentTerms)
        VALUES (78, 491.28, 100.50, 'CAD', 'NET30');
        
        INSERT INTO InvoiceTax (invoiceID, totalAmount, taxedAmount, currency, paymentTerms)
        VALUES (79, 320.97, 145.36, 'CAD', 'NET30');
        
        INSERT INTO InvoiceTax (invoiceID, totalAmount, taxedAmount, currency, paymentTerms)
        VALUES (80, 492.59, 143.32, 'CAD', 'NET30');
        
        INSERT INTO InvoiceTax (invoiceID, totalAmount, taxedAmount, currency, paymentTerms)
        VALUES (81, 277.49, 266.51, 'CAD', 'NET30');
        
        INSERT INTO InvoiceTax (invoiceID, totalAmount, taxedAmount, currency, paymentTerms)
        VALUES (82, 310.52, 67.55, 'CAD', 'NET30');
        
        INSERT INTO InvoiceTax (invoiceID, totalAmount, taxedAmount, currency, paymentTerms)
        VALUES (83, 474.93, 188.37, 'CAD', 'NET30');
        
        INSERT INTO InvoiceTax (invoiceID, totalAmount, taxedAmount, currency, paymentTerms)
        VALUES (84, 106.36, 150.81, 'CAD', 'NET30');
        
        INSERT INTO InvoiceTax (invoiceID, totalAmount, taxedAmount, currency, paymentTerms)
        VALUES (85, 196.19, 201.34, 'CAD', 'NET30');
        
        INSERT INTO InvoiceTax (invoiceID, totalAmount, taxedAmount, currency, paymentTerms)
        VALUES (86, 409.78, 172.04, 'CAD', 'NET30');
        
        INSERT INTO InvoiceTax (invoiceID, totalAmount, taxedAmount, currency, paymentTerms)
        VALUES (87, 401.39, 56.29, 'CAD', 'NET30');
        
        INSERT INTO InvoiceTax (invoiceID, totalAmount, taxedAmount, currency, paymentTerms)
        VALUES (88, 213.63, 252.46, 'CAD', 'NET30');
        
        INSERT INTO InvoiceTax (invoiceID, totalAmount, taxedAmount, currency, paymentTerms)
        VALUES (89, 366.48, 134.32, 'CAD', 'NET30');
        
        INSERT INTO InvoiceTax (invoiceID, totalAmount, taxedAmount, currency, paymentTerms)
        VALUES (90, 171.16, 252.26, 'CAD', 'NET30');
        
        INSERT INTO InvoiceTax (invoiceID, totalAmount, taxedAmount, currency, paymentTerms)
        VALUES (91, 315.07, 103.88, 'CAD', 'NET30');
        
        INSERT INTO InvoiceTax (invoiceID, totalAmount, taxedAmount, currency, paymentTerms)
        VALUES (92, 360.70, 131.90, 'CAD', 'NET30');
        
        INSERT INTO InvoiceTax (invoiceID, totalAmount, taxedAmount, currency, paymentTerms)
        VALUES (93, 476.17, 97.23, 'CAD', 'NET30');
        
        INSERT INTO InvoiceTax (invoiceID, totalAmount, taxedAmount, currency, paymentTerms)
        VALUES (94, 440.56, 243.35, 'CAD', 'NET30');
        
        INSERT INTO InvoiceTax (invoiceID, totalAmount, taxedAmount, currency, paymentTerms)
        VALUES (95, 314.39, 210.52, 'CAD', 'NET30');
        
        INSERT INTO InvoiceTax (invoiceID, totalAmount, taxedAmount, currency, paymentTerms)
        VALUES (96, 299.12, 69.88, 'CAD', 'NET30');
        
        INSERT INTO InvoiceTax (invoiceID, totalAmount, taxedAmount, currency, paymentTerms)
        VALUES (97, 333.78, 149.44, 'CAD', 'NET30');
        
        INSERT INTO InvoiceTax (invoiceID, totalAmount, taxedAmount, currency, paymentTerms)
        VALUES (98, 162.31, 209.14, 'CAD', 'NET30');
        
        INSERT INTO InvoiceTax (invoiceID, totalAmount, taxedAmount, currency, paymentTerms)
        VALUES (99, 163.60, 266.39, 'CAD', 'NET30');
        
        INSERT INTO InvoiceTax (invoiceID, totalAmount, taxedAmount, currency, paymentTerms)
        VALUES (100, 116.88, 205.09, 'CAD', 'NET30');
        